distance,duration,extra,tolltax,weekday,time,fare
7.7,2207,0.5,5.76,0,1,33.06
1.7,2074,0.5,0,1,1,3.3
0.8,1944,1,0,0,0,3.8
2,1457,1,0,0,0,3.8
9.5,2421,0,0,1,0,42.3
0.1,1560,0,0,1,0,2.8
0.4,1666,0,0,1,0,2.8
7.1,1627,0,0,1,0,2.8
2.1,2083,0,0,1,0,1.3
18.4,1394,0,0,1,0,2.8
0.1,1801,0.5,0,0,1,3.3
0.1,3567,1,0,0,1,4.3
9.5,1702,0,5.76,1,0,33.56
4.9,2155,0,0,1,0,27.8
9.1,2661,0,5.76,1,0,36.06
8.1,2186,0.5,0,0,1,25.3
5.1,958,0,0,0,0,22.8
6.7,2043,0.5,0,1,1,25.8
2.3,1977,0.5,0,1,1,3.3
3.3,1186,1,0,0,0,23.3
2.6,1843,0,0,0,0,26.8
11.6,1592,0,5.76,1,0,44.56
4.3,2176,0,0,0,0,2.8
7.3,1705,0,0,0,0,30.3
7.9,3387,0.5,0,0,1,29.8
13.2,1833,0,5.76,0,0,52.06
14.8,1281,0,0,0,0,40.8
14.4,1533,0.5,0,1,1,50.8
13.2,2578,0.5,0,1,1,42.8
0.1,1955,0,0,1,0,3.3
6.3,822,0.5,0,0,1,25.8
1.1,2369,0,0,1,0,2.8
8,1954,0,5.76,1,0,32.06
14,1740,0,0,0,1,0.31
8.3,2463,0,0,1,0,30.3
4.1,1338,0,0,0,0,23.3
15.6,72,0.5,0,0,1,45.8
7.3,1275,0,5.76,0,0,39.56
8.3,1686,1,0,1,0,3.8
7.4,2149,0.5,0,1,1,28.3
8.3,1314,0.5,0,1,1,25.8
11,2210,0,5.76,1,0,37.56
9.5,1045,0.5,5.76,0,1,36.56
0.2,2525,0.5,0,0,1,3.8
9.9,1561,0.5,0,1,1,30.3
5.9,2620,0.5,0,0,1,23.8
6.4,2101,0.5,0,1,1,24.8
0.8,1897,0,0,1,1,60.3
6.7,2183,0.5,0,1,1,23.3
0.4,3042,0,0,1,0,2.8
11.1,2427,1,0,1,0,33.3
10.6,3206,0,0,1,1,60.3
2.6,1202,0,0,0,0,25.8
1.2,61,1,0,0,0,3.8
10.4,1965,0.5,0,0,1,37.3
3.6,1337,0,0,0,0,21.8
17.7,971,0,17.5,0,0,83.8
1.1,1372,0.5,0,0,1,3.3
6.8,2565,0.5,0,0,1,24.8
10.8,3709,0.5,0,0,1,32.8
8.5,73,0,0,1,0,2.8
18,2011,1,0,0,0,3.8
10.2,2300,0,5.76,0,0,36.56
0.1,96,0.5,0,0,1,3.8
0.1,1704,0,0,0,0,2.8
0.1,1269,0,0,0,0,2.8
11.8,1418,1,0,1,1,33.8
6,2204,0,0,0,0,22.3
0.3,1757,0,0,0,0,3.3
7.4,100,0,0,0,0,26.8
11.2,2941,0,0,0,0,36.3
7.4,2016,0.5,0,0,1,26.3
9.7,2100,0.5,0,0,1,33.3
7.7,2790,0.5,0,0,1,23.8
13.7,1549,0,12.5,1,0,71.3
0.3,2367,0,0,0,0,3.3
10.7,1175,0,5.76,1,0,39.56
15.8,49,1,0,0,1,49.8
1.3,55,1,0,0,1,3.8
8.8,2071,0,5.76,1,0,33.06
14,2509,0,0,0,0,42.8
0.1,837,0.5,0,0,1,3.3
10.5,2594,1,5.76,0,1,44.06
9.7,2772,1,5.76,0,1,42.56
18,2983,0.5,0,0,1,49.3
14.1,2234,0,0,0,0,40.3
3.8,1184,0.5,0,0,1,22.3
8.9,2082,0.5,0,0,1,3.3
9.7,1132,1,0,0,0,37.3
0.2,2369,0,0,1,1,60.3
0.1,1525,0.5,0,1,1,3.8
12.7,1934,0,5.76,0,0,52.56
4.1,1593,0.5,0,0,1,3.3
0.1,1826,0.5,0,0,1,3.8
8.8,2387,0.5,0,1,1,31.3
2.7,1240,0.5,0,0,1,3.3
1.5,1819,0.5,0,0,1,3.3
0.1,1126,0,0,0,0,3.3
11.3,1196,0,5.76,0,0,40.56
0.1,1806,0,0,1,0,2.8
6.8,1104,0.5,0,0,1,26.8
0.7,1898,1,0,0,0,4.3
11,1629,0.5,0,0,1,32.3
7.8,2631,1,0,0,1,28.3
10.7,2405,0.5,0,0,1,35.8
3.5,2340,0,0,0,1,170.29
0.1,1947,0.5,0,1,1,3.8
1,1777,0,0,1,0,2.8
4.4,1769,1,0,1,0,25.8
6.5,1580,0,0,1,0,25.3
0.1,2006,0.5,0,0,1,3.8
7.8,1897,0,0,1,1,24.3
0.1,1368,0.5,0,0,1,3.3
18,1902,1,0,0,0,4.3
7.6,2476,0.5,0,1,1,27.3
4.5,1574,0.5,0,1,1,22.8
7.4,1938,0,0,1,0,23.3
2.5,3217,1,0,0,0,4.3
0.2,2762,0,0,0,0,3.3
15,3510,0,0,0,0,54.8
11.5,3024,0.5,0,0,1,34.3
9.8,1978,0.5,0,1,1,29.3
4.6,1857,0,0,0,0,26.3
0.6,1340,0.5,0,0,1,3.3
18.3,1742,0.5,0,1,1,51.8
4.8,2398,0,0,1,0,2.8
6.3,2323,0,0,1,0,23.3
22.4,2662,0,0,0,1,0.31
0.6,1722,0,0,0,0,2.8
9.6,2114,0.5,0,0,1,31.8
8.3,1691,0.5,0,0,1,29.8
4,1095,0,0,0,0,26.8
4.5,2716,0,0,0,0,33.8
15.5,1738,0.5,0,0,1,44.3
4.5,1572,0,0,0,0,23.8
7.9,2372,1,5.76,0,0,35.06
9.4,1631,0.5,0,1,1,30.3
10.5,35,0,5.76,0,0,43.56
7.6,2692,0,0,1,0,22.8
11.6,2304,0,0,0,0,2.8
12.5,1966,0.5,0,0,1,40.8
0.2,2204,0.5,0,0,1,3.8
6.1,82,0.5,0,1,1,28.3
0.1,3437,0.5,0,0,0,3.8
6.9,1483,1,0,0,0,29.3
1,1490,0,0,0,1,2.8
2.5,1562,0,0,0,0,2.8
10.4,1883,0.5,0,1,1,32.3
8.3,1799,0.5,5.76,1,1,31.06
8.8,1062,0.5,0,0,1,26.8
0.9,950,0,0,1,0,80.3
19.2,2058,0,10.5,1,1,10.81
5.2,1968,0.5,0,1,1,27.3
10.7,2412,0.5,0,0,1,31.8
12.6,3232,0.5,0,0,1,44.8
13.9,1869,0,5.76,1,0,51.06
11,2125,0,5.76,0,0,49.56
5.6,1249,0.5,0,0,1,32.3
7.1,2321,0,0,0,0,23.8
0.5,4415,0.5,0,0,1,3.3
6.2,2725,0,10.5,0,1,55.8
11.1,1198,0.5,0,0,1,35.3
7.3,2582,0.5,0,0,1,28.3
18.3,1195,1,0,1,0,56.8
22,1808,0.5,0,1,1,3.3
11.6,2971,0,0,0,0,34.3
5.9,2361,0,0,0,1,24.3
7,2141,0.5,0,0,1,22.3
0.1,2830,0.5,0,0,1,3.8
12.4,1429,0.5,0,0,1,37.3
11.8,2141,0,0,0,0,33.8
7.6,1257,0.5,0,0,1,29.3
10.6,1486,0.5,0,0,1,30.3
8.7,1638,0.5,0,0,1,26.8
16.5,938,0,0,0,0,2.8
0.1,1259,0,0,1,0,2.8
20.8,1894,0,5.76,0,1,61.06
21.8,1340,0.5,5.76,0,1,66.56
12.4,2946,0,0,1,0,2.8
0.1,1790,0.5,0,0,1,3.8
0.1,2534,0.5,0,0,1,3.3
10.3,78,0.5,0,0,1,30.8
8.2,32,0,0,1,0,28.8
0.8,2267,1,0,0,0,3.8
1.3,1206,0,0,0,0,3.3
0.2,1908,0,0,1,0,3.3
2.2,2511,0,0,1,0,2.8
0.1,2158,0,0,0,0,3.3
16.1,2656,0,5.76,0,0,49.06
7.8,84522,0.5,0,0,1,28.8
3.3,1265,0.5,0,0,1,24.8
7.1,2339,0,0,0,0,23.3
8.7,1265,0,0,0,0,29.3
2.3,3425,0.5,0,0,1,3.3
6.3,10,1,0,0,0,27.8
1.3,3652,1,0,0,0,3.8
1.9,1194,1,0,0,1,3.8
5.3,2155,0,0,1,0,2.8
8.3,1936,0,5.76,0,0,43.56
0.9,850,1,0,1,0,3.8
9.9,1122,0.5,5.76,0,1,35.06
1,1903,0,0,0,0,2.8
2.4,1471,0,0,1,0,2.8
16.6,94,0,0,1,0,3.3
50.4,3085,0.5,22.02,1,1,151.82
6.4,1166,0.5,0,0,1,27.3
16.4,1481,0,0,0,1,0.31
0.1,2229,0.5,0,0,1,3.3
2.9,2393,0,0,0,0,28.8
11.4,1806,1,0,0,0,49.8
0.6,6,0,0,0,1,65.3
10.9,2051,0.5,0,1,1,31.3
9,2744,0,5.76,1,0,34.56
0.1,1333,0.5,0,0,1,3.3
1,28,0,0,1,0,2.8
2.1,86165,0,0,0,0,2.8
0.1,1241,0,0,0,0,3.3
8.3,41,0,0,0,0,40.8
9.3,2496,0.5,0,1,1,28.8
3.7,2257,0.5,0,0,1,3.3
10.8,82,0,0,1,0,33.3
11.4,2442,0,5.76,1,0,44.06
5.5,658,0.5,0,0,1,45.8
0.1,1620,0.5,0,0,1,3.8
13.1,1463,0,5.76,0,0,51.06
0.8,1649,1,0,0,0,3.8
0.2,1167,0,0,0,0,3.3
0.1,2430,0.5,0,1,1,3.8
0.2,2794,0.5,0,1,1,3.8
12.9,2171,0.5,0,0,1,36.8
0.8,2268,0,0,0,0,2.8
12.5,1910,1,0,0,1,41.8
9,84,1,0,0,0,3.8
3.4,2217,0,0,0,0,22.3
8.6,2953,0.5,0,0,1,26.8
23.4,1219,0,0,1,0,2.8
12,1756,0,0,0,0,38.8
9.9,855,0,5.76,0,0,39.56
0.1,2096,0.5,0,0,1,3.8
1,2372,0,0,1,0,2.8
5.2,1885,0.5,0,0,1,22.8
0.2,1640,0.5,0,0,1,3.8
2,1369,1,0,1,1,3.8
12.1,2391,0.5,5.76,1,1,41.06
0.1,1623,0,0,0,0,3.3
0.1,2236,1,0,0,1,4.3
1.9,2853,1,0,0,1,3.8
9.4,2532,0.5,0,0,1,31.8
3.3,2602,0,0,0,0,2.8
18.3,1925,0.5,0,0,1,51.3
5.6,4178,0.5,0,0,1,24.8
0.2,1338,0.5,0,0,1,3.8
0.1,1321,0,0,0,0,3.3
10.3,1686,0,5.76,0,0,35.06
0.1,1680,0,0,0,0,2.8
8.6,1052,0.5,0,0,1,26.8
6.3,2148,0.5,0,0,1,22.3
0.8,1493,0,0,0,0,2.8
6,1886,0.5,0,0,1,22.8
1.6,2053,0,0,0,0,2.8
9.5,2675,0.5,0,1,1,29.3
7.8,4209,0.5,5.76,1,1,29.56
9.8,3635,0.5,0,1,1,33.3
49.9,3825,0.5,0,1,1,218.3
10.1,3124,0,0,0,1,32.8
9.7,1530,0,0,1,1,0.31
11,1755,0,0,0,0,59.8
2.8,878,0,0,1,0,2.8
16.3,1624,0,0,1,0,46.8
0.8,2069,0,0,1,1,0.31
5.9,2313,0,0,0,1,2.8
1.6,868,0,0,0,0,2.8
18.5,34,1,0,0,1,55.3
0.1,1852,0,0,0,0,2.8
11.4,2150,1,0,0,0,38.8
37.5,1598,0,0,1,0,120.3
0.2,1264,0,0,1,0,3.3
0.1,1471,0.5,0,0,1,3.8
13.3,1071,0,0,0,0,40.3
17.2,69,0,0,0,0,2.8
0.4,1913,0,0,0,0,3.3
12.7,1944,0,0,1,1,35.3
10.7,1275,0.5,0,1,1,3.3
33.3,99,0,0,1,1,97.8
1.5,2001,0.5,0,1,1,3.3
13.7,1326,0,0,0,0,40.3
7,2553,0.5,0,0,1,24.8
0.3,3502,0.5,0,0,1,3.8
16.3,2510,0.5,0,0,1,3.3
21.5,1813,0,19,1,1,99.3
8.6,964,1,5.76,0,1,34.06
6.3,2427,0,0,0,0,2.8
7.7,966,0.5,0,0,1,25.8
1.3,6,0,0,0,0,2.8
10.3,2772,1,0,0,0,3.8
2.8,1964,0,0,0,1,0.31
10.5,2134,0,0,1,0,32.3
8.3,2004,0,0,0,1,24.8
9,2435,0.5,0,0,1,28.8
5.6,1072,0.5,0,0,1,22.8
15.5,2243,0,0,0,0,54.3
4.2,3294,0,0,0,0,23.3
8.6,2408,0,5.76,1,0,31.56
9.2,1130,0.5,0,0,1,30.8
12.8,1179,0.5,0,0,1,39.8
0.4,1206,0,0,1,0,2.8
24.3,926,0,5.76,1,0,88.06
0.4,1276,0,0,1,0,22.3
10.3,2509,0,0,0,0,30.3
11.5,2192,0.5,0,0,1,37.3
0.1,2142,0,0,0,0,3.3
13.4,66,1,2.64,0,0,51.44
0.1,1975,0,0,0,0,3.3
0.1,3125,0.5,0,0,1,3.3
9.2,3888,0.5,0,1,1,29.3
17,1960,1,12.5,0,0,90.8
6.8,1895,0,0,1,0,25.8
4.1,2946,0,0,0,0,25.3
0.2,2072,0,0,1,1,2.8
12.9,2552,0.5,0,0,1,38.3
0.2,2956,0,0,1,0,3.3
0.9,2370,0,0,0,0,2.8
6,1532,0,0,1,0,21.8
11,1107,0,0,0,0,34.3
0.5,1848,0,0,0,0,0.31
5,1576,0.5,0,0,1,26.8
9.8,1024,0.5,0,0,1,30.8
13.9,1465,0.5,0,0,1,40.3
0.1,4076,0,0,0,1,2.8
0.1,80,0.5,0,0,1,3.3
0.2,2374,0.5,0,1,1,3.8
1,1594,0,0,0,1,0.31
13.9,1618,0.5,0,0,1,3.3
0.8,3288,0,0,1,0,2.8
12.5,1240,0.5,0,0,1,44.3
21.9,1255,0,5.76,0,0,80.56
12.8,3409,0,0,0,0,2.8
8,1452,0,5.76,0,0,29.06
5.9,2419,1,0,0,0,23.8
0.3,1610,0,0,0,0,3.3
7.6,2075,0,0,0,1,22.8
2.1,106,0.5,0,0,1,3.3
17.1,1099,0.5,0,1,1,3.3
1.3,992,0,0,1,0,2.8
1.3,1324,0,0,0,0,2.8
11.5,3344,1,0,0,0,34.3
6.7,4285,0,0,0,0,24.3
10.7,1980,0,0,0,0,33.3
7.5,1139,1,0,1,0,3.8
9.2,1724,0.5,0,0,1,27.3
9.3,3073,0,5.76,0,0,34.56
7.7,2275,0,0,0,0,32.3
8.5,1805,0,0,1,0,29.8
8.3,2130,0.5,0,1,1,25.3
11.3,3051,0,0,1,1,39.3
12.5,1717,0.5,0,1,1,41.3
9.1,1232,0,5.76,0,0,35.06
1.9,1568,0,0,0,0,2.8
10.4,2329,0.5,0,0,1,32.3
9.5,3129,0,5.76,0,0,32.56
0.1,1495,0,0,0,0,3.3
4.3,3020,0,0,1,1,50.3
17.7,5337,0,5.76,0,0,54.06
0.9,2266,0.5,0,0,1,3.3
3.7,4062,0.5,0,1,1,25.3
0.1,2350,0,0,0,0,2.8
0.1,45,0,0,1,1,3.3
7,3022,0,0,1,0,23.3
17.7,2828,0,0,1,1,49.8
8.8,3739,1,0,0,0,29.8
8.8,1534,1,0,0,1,27.8
8.3,2282,0,5.76,1,0,31.06
0.1,2036,0.5,0,0,1,3.8
0.1,75,0,0,0,0,3.3
37.5,2164,0.5,22.02,0,1,137.82
9.6,3953,0.5,0,0,1,35.3
8.4,3444,0,0,1,1,27.8
0.3,1441,0.5,0,1,1,3.8
20.3,3934,0,14.5,0,0,91.3
0.1,1292,0.5,0,1,1,3.8
1,1333,0.5,0,1,1,3.3
10.1,3912,0.5,0,0,1,30.3
0.2,1788,0.5,0,0,1,3.8
11.1,1537,0.5,0,0,1,32.8
5.7,3724,1,0,0,1,23.3
16.9,2717,0,5.76,0,0,53.56
17.7,1796,0.5,10.5,0,1,63.8
0.1,1081,0,0,0,1,3.3
0.3,2058,0,0,0,0,3.3
11.8,1104,0,5.76,0,0,40.56
7.1,1660,0.5,0,0,1,23.3
7.1,1194,0,0,1,0,23.3
7.5,2896,1,0,0,1,28.8
1.5,2137,0,0,0,0,2.8
14.9,1971,0,0,1,0,40.8
10.9,2460,0,5.76,1,0,45.06
0.1,1658,0.5,0,0,1,3.8
21.2,1372,0.5,10.5,0,1,87.8
38.8,1778,0,1.75,1,1,278.55
8.3,1611,0,0,0,0,28.3
2.8,1013,0,0,0,0,2.8
7.2,2195,0,0,1,0,2.8
1.2,2942,0,0,0,0,3.3
7,2518,1,0,0,1,34.3
6.4,85784,0,0,1,1,25.8
13.9,2110,1,0,0,0,41.3
7.8,1847,0.5,0,0,1,25.8
9.6,2457,0.5,0,0,1,30.8
11.7,2582,0,0,0,0,38.3
1.7,1844,0.5,0,1,1,3.3
6.7,1792,0.5,0,0,1,25.8
19.4,1537,0,0,0,0,53.8
0.1,1675,0,0,1,0,3.3
13.9,2128,1,12.5,0,1,92.3
0.7,3136,0.5,0,0,1,3.3
0.1,1369,0.5,0,0,1,3.8
6.5,2556,1,0,0,0,28.8
17.3,2100,0.5,5.76,0,1,55.06
6.4,1429,1,0,0,1,22.8
4.6,2369,0,0,0,0,25.3
1.1,6914,0,0,0,0,2.8
1.2,2819,0.5,0,0,1,3.3
18.1,2427,0,0,0,0,58.3
8.7,2174,0.5,0,0,1,35.3
19.3,2490,1,5.76,0,0,68.06
0.2,1245,0.5,0,0,1,3.8
16.8,1686,0,5.76,1,1,62.06
7.5,1657,0.5,0,1,1,24.3
5,2337,0,0,0,0,22.3
5.5,2551,0,0,1,0,22.3
8.6,2397,0.5,0,0,1,27.3
0.3,1676,0,0,0,1,70.3
3.1,2000,0,0,1,0,2.8
9.5,2556,0,0,1,0,2.8
7.4,1780,0.5,0,1,1,22.8
15.7,1705,0,17.28,0,1,66.58
5.8,2856,0.5,0,0,1,24.8
0.1,71,0,0,0,0,3.3
4.1,1884,0,0,1,0,2.8
20.2,2948,0,5.76,0,0,65.06
9,1674,0.5,0,1,1,28.3
2.8,2626,0.5,0,0,1,28.8
7.7,2850,0,0,0,0,30.3
3.2,2913,0,0,0,0,2.8
1.8,1748,0,0,1,0,2.8
0.2,2984,0,0,0,0,3.3
8.5,1085,0,0,0,0,27.8
0.1,1436,0,0,1,0,2.8
5.5,3163,1,0,0,1,3.8
8.6,1536,0.5,0,1,1,31.3
0.1,2289,0,0,1,0,3.3
15.2,4258,0,0,0,0,42.3
13,1503,0,0,1,0,126.3
8.8,3020,0,0,1,0,29.8
3.3,2932,1,0,0,0,3.8
3.1,2010,0.5,0,0,1,3.8
10.5,1650,0,0,0,0,36.3
6.2,1461,1,0,0,0,34.3
1.2,2385,0,0,0,0,2.8
9.9,2616,0.5,0,0,1,33.3
3.8,1472,0,0,1,0,2.8
8,1133,0.5,0,1,1,42.3
1.6,1589,0.5,0,0,1,3.8
0.1,2799,0.5,0,0,1,3.3
0.4,1733,0,0,0,1,0.31
1.3,2734,0.5,0,0,1,23.8
0.1,2543,0,0,0,0,3.3
0.6,1513,1,0,0,1,3.8
0.8,2460,0.5,0,0,1,3.3
1.5,1510,0.5,0,1,1,3.8
11.8,1202,1,0,0,0,38.3
0.1,2015,0,0,0,0,2.8
9.1,922,0.5,0,1,1,36.8
15.8,1608,0,0,1,0,46.8
6.1,1630,0,0,1,1,29.8
9.1,2080,0,0,1,0,32.3
1.2,1813,1,0,1,0,3.8
5.6,2562,0,0,0,0,22.8
8,1528,1,5.76,0,0,33.56
0.1,1288,0.5,0,1,1,3.8
2.2,1812,0,0,0,0,3.3
10.7,1908,1,5.76,0,0,49.56
8.9,1668,0.5,0,0,1,27.3
12.6,1800,1,0,0,1,37.8
8.4,2448,0,0,0,1,30.3
8.9,1363,0,5.76,1,0,34.06
0.2,1306,1,0,1,1,4.3
1.1,2285,0,0,1,0,2.8
0.9,1796,0,0,0,0,2.8
6.3,1541,1,0,0,0,3.8
11.4,1356,0,5.76,0,0,42.06
13.4,2605,0.5,5.76,1,1,47.06
11.2,2239,1,0,0,0,37.3
2.5,2236,1,0,0,1,3.8
7.1,1366,1,0,0,1,37.3
5.2,3561,0,0,0,1,24.3
0.1,2215,0.5,0,0,1,3.8
6.3,2031,0,0,0,0,21.8
11,1319,0.5,0,0,1,31.3
16.3,99,0.5,5.76,0,1,52.06
1.4,3058,0.5,0,0,1,3.8
1.2,1161,0.5,0,0,1,3.3
0.1,1888,0.5,0,0,1,3.3
1.4,1630,0.5,0,0,1,3.3
0.1,1693,0,0,0,0,2.8
2,5578,0,0,0,0,23.8
0.2,1508,0.5,0,0,1,3.8
1.3,3413,0.5,0,1,1,3.3
12.2,2038,0,5.76,1,0,42.06
6.1,1432,0.5,0,0,1,30.3
7.4,1322,0.5,0,0,1,25.3
3,1331,0,0,1,0,23.8
16,1242,0,0,1,0,2.8
0.1,3226,0.5,0,0,1,3.3
6.4,2606,0,0,0,1,24.8
10.1,2802,0.5,5.76,0,1,36.06
0.5,1805,0,0,0,1,2.8
9.2,3006,0,5.76,0,0,42.06
9.4,1815,0,5.76,0,0,42.56
0.2,2114,1,0,0,0,4.3
19.7,1035,0.5,0,0,1,54.3
11.2,2009,0.5,0,0,1,33.3
0.7,88,1,0,1,0,3.8
2.8,1949,0,0,1,0,26.8
0.2,2437,0,0,0,0,3.3
0.1,3207,0.5,0,0,1,3.3
12.7,2877,0.5,0,0,1,39.8
1.3,1491,0.5,0,0,1,3.3
10.7,893,0.5,5.76,0,1,39.06
15.6,2143,0,5.76,0,0,52.06
14.5,6934,0.5,0,0,1,3.3
6.7,2962,0,0,0,0,23.8
8.8,1432,0.5,0,0,1,27.8
10.9,58,0,0,0,0,34.3
4.8,2126,0,0,0,0,23.8
6.5,1695,1,0,0,1,31.8
0.1,3790,0.5,0,1,1,3.8
0.1,3718,0,0,0,0,2.8
6.2,2077,0,0,1,1,50.3
0.1,69,0.5,0,0,1,3.8
5.3,1168,0.5,0,0,1,23.8
0.1,28,0.5,0,0,1,3.8
11.5,3376,0.5,0,0,1,33.3
5.1,2203,0,0,0,0,28.8
0.2,2674,0,0,0,0,3.3
0.1,2529,0.5,0,0,1,3.8
8.2,2560,0.5,5.76,0,1,32.06
0.5,2901,0.5,0,0,1,3.3
1.4,2066,1,0,0,0,3.8
5.4,1544,0.5,0,1,1,23.3
12.6,74,0,5.76,1,0,45.06
2.2,35,1,0,0,0,25.8
19.8,3191,0.5,0,0,1,53.3
5.8,2053,0,0,1,0,24.3
0.1,2613,0.5,0,0,1,3.3
0.1,1185,0.5,0,0,1,3.3
11.2,1740,0,0,0,1,35.8
0.2,5349,0.5,0,0,1,3.8
0.3,1661,0.5,0,0,1,3.8
2.2,1480,0,0,0,0,25.3
8,1288,0,0,0,0,25.3
12.4,2368,0.5,0,0,1,36.8
0.1,1006,0,0,1,0,2.8
21.3,2331,0,0,1,0,2.8
7.8,4410,0,0,0,0,34.8
7.1,1809,0,0,0,0,37.8
10,639,0,0,0,0,31.3
12.8,1273,0,0,0,0,40.3
0.1,1629,0.5,0,1,1,3.8
1.9,1900,0,0,0,1,65.3
10.5,1767,1,5.76,1,0,41.06
3.6,1473,0,0,0,0,23.3
4.6,2434,0,0,0,0,31.8
6.2,5003,0,0,0,0,24.3
9.5,90,0.5,0,0,1,26.8
19.5,76,0.5,0,1,1,55.3
7.8,2803,0,0,0,1,27.3
0.1,3893,0.5,0,0,1,3.3
7.1,933,0.5,0,0,1,24.8
2.8,34,0,0,1,0,23.3
3,1340,1,0,1,0,27.3
1.8,1400,1,0,1,0,3.8
6.2,2714,0,0,0,0,33.8
4.3,1627,0.5,0,1,1,3.3
7.2,2057,0,0,1,0,27.8
0.8,1789,1,0,1,0,3.8
0.1,2936,0,0,1,1,2.8
6.3,2027,1,0,0,1,23.3
5.5,1922,0,0,0,0,3.3
7.2,5686,0,0,1,0,22.3
0.1,3316,0,0,0,0,3.3
11.6,40,0,0,0,0,34.8
9.1,2349,0.5,0,1,1,29.8
7.6,1742,0.5,0,1,1,28.8
0.7,1596,1,0,0,0,3.8
7.8,1711,0.5,0,1,1,23.3
9.5,63,0,0,1,0,29.3
6.8,1385,0.5,0,0,1,3.3
7,2503,1,0,0,0,29.8
4.3,5592,0,0,0,0,24.8
0.6,2081,1,0,0,0,3.8
0.2,2149,1,0,0,0,4.3
4.5,4276,0.5,0,0,1,22.3
6,85068,0,0,1,1,2.8
8.9,43,0.5,0,0,1,29.3
7.5,933,0.5,0,1,1,25.3
10,2125,0,0,1,0,37.8
0.2,2575,0.5,0,0,1,3.8
0.1,3745,0,0,1,1,2.8
9,2283,0.5,5.76,0,1,36.06
17.4,1338,0.5,23.5,0,1,89.3
16.3,1778,0.5,0,0,1,48.3
1.9,2395,0,0,1,0,65
5.6,2099,0.5,0,0,1,62.3
0.1,1930,0,0,0,0,2.8
2.5,1372,1,0,0,0,30.3
6.4,2119,0,0,1,0,33.3
7,3930,0,5.76,0,0,28.56
13.4,1842,0.5,0,0,1,40.8
1.4,1704,0,0,0,1,2.8
16.2,2149,0.5,0,1,1,45.3
17.2,1996,0.5,14.3,0,1,80.1
6.3,1688,1,0,0,1,1020.8
6.6,1706,0,0,1,0,22.8
9,2226,0.5,0,1,1,28.8
11.3,2957,0,0,0,1,33.3
11.2,2477,0.5,5.76,0,1,38.56
12.4,2336,0.5,0,0,1,36.8
1.4,2575,0,0,0,0,2.8
13.1,4500,0.5,0,1,1,38.3
9.3,3147,0.5,0,0,1,29.8
8.5,6295,0.5,0,0,1,27.8
0.1,1477,0,0,0,0,3.3
4,2107,0,12.5,0,0,57.8
0.2,1826,0,0,1,1,3.3
11.3,44,0,0,1,0,31.3
1,87,0,0,0,0,2.8
10,1003,0.5,0,0,1,32.3
0.1,3173,0.5,0,0,1,3.3
20.9,1945,0,0,1,0,63.3
1.2,2417,0.5,0,0,1,3.3
10.3,1610,0.5,5.76,0,1,41.56
6.6,99,0.5,0,0,1,23.3
1.7,1664,1,0,0,1,24.8
1.1,2336,0.5,0,1,1,3.3
1.1,2145,0,0,0,0,2.8
7.2,1599,0,0,0,0,24.3
4.6,1348,0,0,0,0,2.8
4.4,1547,0,0,0,0,29.8
1.1,2799,0.5,0,0,1,3.3
0.1,2380,0,0,0,1,2.8
2.2,66,0.5,0,0,1,3.3
4.1,2701,0.5,0,1,1,26.3
0.2,2398,0.5,0,0,1,3.8
0.1,102,0,0,1,0,3.3
5.1,1975,0,0,1,0,24.8
1.4,2701,1,0,0,0,3.8
3.7,2281,0.5,0,0,1,3.3
0.2,2992,0,0,0,0,3.3
0.1,1549,0,0,1,1,0.31
3.1,2309,0.5,0,0,1,3.3
15.7,2809,0.5,0,0,1,46.3
13.3,1762,0.5,0,0,1,46.3
0.1,78,0,0,0,0,3.3
8.7,488,0.5,0,0,1,26.3
9.8,1753,0.5,0,0,1,36.3
15.4,2517,0,5.76,1,0,49.56
14.3,1196,0.5,0,1,1,42.8
3.7,1234,0,0,1,1,80.3
0.1,2831,0.5,0,1,1,3.8
0.3,3613,0,0,1,0,3.3
10.8,677,0,5.76,0,0,48.56
1.3,3253,1,0,0,1,3.8
0.3,1644,0,0,1,1,3.3
11.1,2379,0.5,0,0,1,33.8
7.6,7,0,5.76,1,0,31.06
7.5,1297,1,0,1,0,33.8
1.1,9,0,0,0,0,2.8
7.5,2202,0,0,0,0,29.8
6.7,2244,0.5,0,0,1,24.8
15.5,4150,0,0,0,0,49.3
1.7,1836,0,0,1,0,2.8
8.3,1843,0.5,0,0,1,26.8
1.5,1632,0.5,0,0,1,23.3
7.4,2407,0.5,0,0,1,22.8
9.5,2040,0,0,1,0,2.8
0.5,1665,0.5,0,1,1,3.3
6.2,2628,0,0,0,0,2.8
5.2,57,0,0,0,0,28.3
6.9,2422,0,0,1,0,23.8
0.1,3391,0,0,0,0,3.3
17.9,1222,1,0,0,0,55.8
11.6,2852,0.5,0,1,1,37.3
7,2041,0,0,0,0,24.3
0.1,40,1,0,0,0,4.3
0.1,1576,0,0,1,0,3.3
0.1,1224,0.5,0,0,1,3.3
5.9,2937,0,0,0,0,25.8
7.8,1767,0.5,5.76,0,1,30.56
8.6,1465,0,5.76,1,0,32.06
0.1,1386,0,0,0,0,2.8
11,1407,1,0,0,1,35.3
0.7,1460,0,0,0,1,2.8
8.8,1351,1,0,1,0,42.8
5.9,919,0,0,0,0,26.8
1.3,1275,1,0,0,1,3.8
8.9,1266,0.5,5.76,0,1,33.56
7.5,2739,0,0,0,0,22.3
0.1,1193,0,0,1,0,2.8
6.7,2710,0,0,0,0,25.3
4,1956,0,0,0,0,26.8
0.8,3515,0,0,1,0,2.8
9.5,1788,0,11.52,0,1,41.82
9.4,3045,0.5,0,0,1,30.3
8,1245,0.5,0,0,1,27.3
6.8,1766,0,0,1,0,28.8
6.4,2683,0.5,0,0,1,25.8
18.7,3275,0,10.5,0,0,83.8
2.4,84785,0,0,1,0,2.8
19.2,1153,0,0,1,0,70.8
6.3,1280,1,0,0,0,24.8
17.7,2716,0,0,0,1,70.3
4.4,2623,0,0,1,0,22.8
3.5,2725,1,0,0,1,27.3
3,1149,0,0,0,0,2.8
6.1,93,0.5,5.76,0,1,28.06
13.5,1734,0.5,0,0,1,42.3
0.3,116,0,0,1,1,3.3
0.2,7261,0.5,0,0,1,3.8
2.2,51,0.5,0,1,1,3.3
11.7,1161,0.5,0,0,1,34.3
0.5,1774,0,0,0,0,2.8
8.8,2812,0,0,0,0,28.8
0.1,3375,0.5,0,0,1,3.8
0.7,2009,1,0,0,0,4.3
25.8,1430,0.5,0,0,1,71.3
4.2,2900,0.5,0,0,1,27.8
10.7,1400,0,0,0,0,33.8
1.4,1246,0,0,0,0,2.8
18.6,787,1,0,0,0,58.3
0.1,4770,1,0,0,1,4.3
21.1,5,0,0,0,0,60.3
3.8,2900,0.5,0,0,1,3.3
10.2,78,0,0,0,0,35.8
8.2,1079,0,0,1,0,24.8
12.3,3032,1,0,0,0,3.8
0.1,3434,0,0,1,0,3.3
0.1,1691,0,0,0,0,2.8
1,3276,0,0,0,0,2.8
7.7,1864,0,0,0,0,29.3
18.1,1065,0.5,5.76,1,1,55.56
8,2716,0.5,0,0,1,29.3
11.5,1237,0.5,0,0,1,38.8
1.6,2118,0,0,1,0,2.8
9.5,1547,0,5.76,1,0,38.06
12.3,1348,1,0,1,0,3.8
9.2,2171,0,0,1,0,27.8
6.5,2460,1,0,0,0,40.3
0.7,1635,0,0,0,1,63.3
17.6,1428,0,0,0,1,60.3
9.5,1737,0.5,0,1,1,28.8
9.1,1935,1,0,0,0,30.8
3,2324,1,0,0,0,23.3
7.2,2021,1,0,0,1,24.8
0.1,1771,0.5,0,0,1,3.8
7.7,2832,0,0,0,0,23.8
0.8,2164,1,0,0,1,3.8
9.9,1659,0,0,0,0,28.8
1,1968,0,0,0,0,2.8
5.1,1776,0,0,0,0,23.8
10.4,2127,0.5,2.64,0,1,36.94
0.1,2032,0,0,1,0,3.3
3.1,2394,1,0,0,1,24.3
6.1,2609,1,0,0,1,4.3
0.2,1185,0.5,0,0,1,3.8
5.7,1442,0.5,0,0,1,22.8
8,2589,0.5,0,0,1,29.8
8.5,1426,0,0,1,0,31.8
9.5,2131,0.5,0,1,1,29.8
11.7,1539,0,0,0,0,40.3
7.2,1593,0,0,0,0,31.8
5.8,2493,0,0,0,0,21.8
8.5,2694,0.5,0,0,1,34.8
9.8,1671,0,5.76,0,0,40.56
4.7,1750,0,0,1,0,22.8
6.5,1907,0.5,0,0,1,23.3
0.2,2606,0.5,0,0,1,3.8
11.2,1346,0.5,0,0,1,32.3
0.1,1565,0.5,0,1,1,3.3
5.4,1586,0,0,0,0,2.8
2.2,2576,0,0,1,0,2.8
15.3,4349,0,5.76,0,1,49.06
0.1,1215,0,0,0,0,3.3
1.5,1626,0,0,0,0,2.8
0.1,17,0,0,0,0,3.3
18.7,2590,1,0,0,1,53.8
1.2,2894,0,0,1,0,65.3
8.9,2309,0,5.76,1,0,34.56
10.1,1055,0,0,0,0,34.3
6.2,2403,1,0,0,0,23.8
0.2,1345,0.5,0,0,1,3.3
8.5,1544,0.5,5.76,1,1,31.56
24.9,1690,0.5,5.76,0,1,73.06
0.1,1809,0.5,0,0,1,3.3
19.9,3826,0.5,0,1,1,3.3
0.2,10,0.5,0,0,1,3.3
4.7,1246,0,0,0,0,24.8
23.2,1816,0,23.04,1,0,87.84
9.7,1952,0.5,0,0,1,28.3
13.8,78,1,5.76,1,0,46.56
0.1,1512,0.5,0,0,1,3.3
13.1,2064,0.5,5.76,1,1,47.56
11.3,1110,0.5,0,0,1,34.8
9.2,38,0,0,0,0,28.3
0.2,2709,0,0,0,1,3.3
2.9,76,1,0,0,0,3.8
8.1,2339,0,0,1,0,26.3
16.4,1883,0.5,0,0,1,44.3
0.1,1520,0,0,0,0,3.3
9.1,1707,0,0,0,0,45.3
3.9,3541,0,0,0,0,24.3
2.2,1566,1,0,0,0,30.3
8.1,2271,0.5,0,1,1,28.8
0.1,1147,0.5,0,0,1,3.3
15.6,2056,0,12.5,1,0,61.8
13.9,1075,0.5,5.76,1,1,48.56
7.9,1768,0.5,0,0,1,30.8
0.1,976,0.5,0,0,1,3.8
21.7,3023,0,5.76,0,0,104.06
4.2,2639,0,0,1,0,2.8
14.5,1713,0,0,0,0,51.8
20.5,1739,0,10.5,0,0,96.8
8.7,2497,0.5,0,1,1,27.8
0.9,2638,1,0,0,1,28.8
7.5,1359,0,0,0,1,26.3
0.3,3540,0,0,0,0,3.3
0.1,2342,0.5,0,0,1,3.8
13.4,1627,0.5,0,0,1,39.3
0.6,3263,1,0,0,1,3.8
15.5,2586,0,0,1,0,42.8
12.9,1286,0.5,0,1,1,36.8
0.1,2236,1,0,0,0,4.3
0.1,1927,0,0,0,0,2.8
13.4,1391,0.5,0,0,1,44.3
9.8,85746,0,0,0,0,41.3
11.9,1815,0.5,5.76,0,1,42.06
7.5,1443,0,0,1,0,29.3
6.6,2255,1,0,0,1,22.8
0.2,1666,0.5,0,0,1,3.8
0.9,2114,1,0,0,0,3.8
5.9,813,0.5,0,1,1,28.3
0.6,2249,0.5,0,0,1,3.3
0.1,613,0,0,0,0,2.8
4.3,911,0.5,0,0,1,3.8
10,1352,0.5,0,0,1,3.3
10.4,1891,0.5,0,0,1,32.8
10.1,23926,0.5,0,1,1,3.3
12,1535,0.5,5.76,0,1,43.06
3.3,1550,0,0,1,1,0.31
5.1,1977,0,0,0,0,33.8
0.7,1292,0.5,0,1,1,3.3
5.4,1299,0,0,0,0,22.3
2.6,1754,0,0,1,0,2.8
17.9,88,0.5,0,1,1,49.3
6.7,2047,0,0,0,0,54.8
8.8,2084,0,0,0,0,53.3
8.4,1866,0.5,0,0,1,24.8
0.2,16,0,0,1,0,3.3
7.8,2586,0.5,5.76,0,1,31.56
0.9,2717,0,0,0,0,2.8
7.1,1569,1,0,0,0,27.3
8.6,1644,0,0,0,0,34.3
7.8,2202,0.5,0,0,1,36.3
6,812,0.5,0,1,1,26.3
2.6,1268,0.5,0,1,1,3.3
9.7,1008,0,0,0,0,34.8
13.8,1342,1,5.76,0,0,49.06
8.4,1521,0,5.76,0,0,78.06
5.1,2182,1,0,0,0,30.8
0.1,1216,0,0,0,0,3.3
1.9,1192,0,0,0,1,2.8
4.6,957,0,52.5,0,1,52.81
8.9,1702,0.5,0,0,1,30.3
0.3,1277,0,0,0,0,3.3
2.2,23,0,0,1,1,2.8
8.9,2468,1,0,0,0,3.8
8.4,2139,0,0,0,0,2.8
7.5,435,0.5,0,0,1,22.3
7,1384,1,0,1,1,23.8
6.7,2845,0.5,0,1,1,3.3
14.7,2237,0.5,0,0,1,42.8
0.1,56,0,0,1,0,3.3
0.1,2836,1,0,0,0,3.8
6.4,1694,0.5,0,1,1,23.8
0.3,45,0,0,0,0,31.3
5.9,1893,0,0,0,0,29.8
10.9,3781,0,5.76,0,0,43.56
0.1,1480,1,0,0,0,4.3
0.1,1295,0.5,0,0,1,3.3
0.1,1716,0,0,0,0,3.3
11,875,0.5,0,1,1,35.3
8,1829,0.5,0,1,1,25.8
7.7,2586,0.5,0,0,1,31.3
0.2,2695,0.5,0,0,1,3.8
0.4,1175,0,0,0,0,2.8
0.1,1893,0.5,0,0,1,3.8
0.1,1423,0,0,0,0,2.8
6.7,1966,0.5,0,0,1,30.8
14.7,3795,0,5.76,0,0,50.06
3.3,4140,0,0,1,0,2.8
4.1,2671,0,0,1,0,2.8
7,1942,0.5,0,0,1,22.8
0.1,1295,0.5,0,0,1,3.3
7.5,1820,0,0,0,0,2.8
18.9,2024,1,0,0,0,54.3
0.1,3443,0.5,0,0,1,3.8
0.1,1946,0.5,0,1,1,3.3
0.2,1066,0,0,0,0,3.3
10.3,1184,0.5,0,0,1,30.8
10.7,2337,0.5,0,1,1,31.3
9.1,2453,0.5,0,1,1,3.3
0.1,2155,0,0,0,0,3.3
12.4,2274,0.5,0,1,1,37.3
3.3,1437,0.5,0,0,1,3.3
9,1978,0.5,5.76,0,1,35.56
0.5,867,0,0,0,0,2.8
9.4,1332,0.5,0,0,1,32.3
5.3,2202,0,0,1,0,2.8
0.2,2058,0,0,0,0,3.3
14.4,1143,0.5,0,0,1,51.3
4.9,1959,1,0,0,1,4.3
11.3,2726,0,5.76,0,0,44.56
0.1,1482,0.5,0,1,1,3.8
5,1631,0,10.5,1,0,52.8
6.1,1411,0,0,0,0,22.3
7.1,2696,0.5,0,0,1,24.3
11.6,927,0.5,0,1,1,33.3
5.5,3016,0,0,1,0,28.8
2.9,2845,0,0,0,0,2.8
10.9,3487,0.5,57.76,0,1,94.06
0.2,1404,0,0,0,0,0.31
15.9,3144,0.5,0,0,1,52.3
7.9,2016,0.5,0,0,1,27.8
7.4,2265,0.5,57.76,0,1,82.06
4.7,1675,0,0,0,0,2.8
4.3,1595,1,0,0,0,3.8
1.4,1643,1,0,0,0,3.8
0.1,1452,1,0,0,1,4.3
7.3,1730,0.5,0,0,1,25.3
3.9,2903,0,0,1,0,2.8
0.3,1280,0,0,1,0,3.3
6.8,1760,0.5,0,0,1,29.3
13.3,1419,0,5.76,0,0,43.56
15.3,2298,0.5,0,0,1,44.8
15.4,2019,0,0,0,0,43.3
5,2624,1,0,0,0,23.3
0.2,2677,0.5,0,0,1,3.8
0.1,849,0,0,0,0,3.3
12.2,1918,0.5,5.5,0,1,42.8
4,1015,0.5,0,0,0,25.8
0.2,2579,0.5,0,0,1,3.8
0.2,1185,0.5,0,1,1,3.8
0.1,2825,0.5,0,0,1,3.8
9.8,1654,1,5.76,1,0,35.06
7.7,1940,0,0,0,0,29.3
1,2159,0.5,0,0,1,3.3
19.7,54,0.5,0,1,1,53.8
17.8,956,0.5,10.5,1,1,75.8
7.7,1783,1,0,1,0,27.8
3.1,2014,0,0,0,0,26.8
2.1,2173,1,0,0,1,3.8
11.8,2226,0,5.76,1,0,49.56
0.2,39,0.5,0,0,1,3.8
1.4,1721,0.5,0,0,1,3.3
9.2,1889,1,0,0,0,36.3
1.2,1870,0,0,1,1,21.8
17.9,1716,0,0,0,0,2.8
6.5,1436,0.5,0,0,1,24.8
0.2,1599,0.5,0,0,1,3.8
8.8,2756,0.5,0,0,0,30.3
17,1417,0,0,1,0,2.8
7.3,1702,0.5,0,1,1,23.8
11.4,1033,0,0,0,0,33.8
4.9,1672,0.5,0,0,1,27.3
0.4,2845,1,0,0,0,3.8
13.7,1697,0,0,1,0,43.8
4,3711,1,0,0,0,22.8
8.6,1212,0.5,0,0,1,26.8
9.1,2974,1,5.76,0,0,51.56
1.7,3224,0.5,0,0,1,3.3
2.4,1967,0,0,0,0,25.8
0.1,1956,0,0,0,0,3.3
0.1,90,1,0,1,1,3.8
0.1,1134,1,0,0,1,4.3
0.4,2082,0.5,0,0,1,3.8
2.2,1864,0,0,0,0,293.3
7.3,1598,0,0,0,0,26.3
0.1,3500,0,0,0,0,2.8
5.6,1307,0.5,0,1,1,24.3
17.1,1627,0.5,5.76,1,1,56.06
0.1,1097,1,0,0,1,3.8
10.7,1442,1,5.76,0,0,48.56
0.4,2046,0.5,0,0,1,3.3
14.6,1942,0.5,0,0,1,41.3
14.1,1175,1,0,0,0,41.8
7.6,3072,1,0,0,1,29.3
3.7,1527,0,0,0,0,3.3
0.1,1572,0.5,0,1,1,3.3
10,1271,0.5,0,0,1,42.3
0.3,2187,0,0,0,0,2.8
11.5,1946,1,0,0,1,3.8
7.2,1455,0,0,0,0,24.8
0.1,1187,0,0,1,0,2.8
1.6,1703,0,0,0,0,2.8
10.1,917,1,0,0,1,34.8
21.5,1283,0.5,0,1,1,59.3
5,1290,0,0,0,0,2.8
15.8,1167,0.5,0,1,1,48.3
8.7,1960,0.5,0,1,1,29.8
7.5,1525,1,0,0,1,24.3
7.9,3595,0,0,0,0,26.3
0.1,2739,0,0,0,0,3.3
0.1,3142,1,0,0,0,3.8
7.7,2419,1,0,0,1,26.3
13.1,2218,0.5,5.76,0,1,42.06
1.3,2132,0,0,1,1,2.8
12.3,1927,0,0,0,1,0.31
8.9,86280,1,0,0,1,35.8
9,2432,0.5,0,0,1,26.8
4,2281,0,0,1,0,23.8
15.5,1933,0,0,0,0,44.8
7.5,2160,0.5,0,0,1,25.8
6.7,2752,1,0,1,1,25.8
0.9,1103,0,0,0,0,2.8
9.9,86,0.5,0,1,1,3.3
0.1,2533,0,0,1,1,0.31
9.5,2786,0.5,0,1,1,29.8
7.1,916,0.5,0,0,1,23.3
6.1,956,0,0,0,0,24.8
2.5,1433,0.5,0,0,1,3.3
1.7,738,0,0,1,0,2.8
9.3,1926,0,5.76,1,0,33.56
1,1788,0,0,1,1,2.8
0.1,974,0.5,0,0,1,3.8
3.3,2340,0,0,0,1,44.3
17.3,1773,0,18,0,0,87.3
17.8,1848,1,18.5,0,0,95.3
0.1,2603,0.5,0,0,1,3.3
7.1,1395,0,0,0,0,120.3
0.3,1078,0,0,1,0,3.3
1.3,1746,0,0,0,0,350.3
6.9,2275,0,0,0,1,22.3
7.1,1933,0,0,0,1,25.3
5.1,2127,0.5,0,1,1,23.8
12.9,5814,0.5,0,1,1,38.3
10.6,2204,0,5.76,0,0,36.06
11.5,1671,0,0,1,0,32.3
15.1,1361,0.5,0,0,1,48.8
0.1,1860,0,0,1,1,3.3
0.2,1126,0,0,0,0,3.3
35.2,2243,0.5,4.32,0,1,107.12
5.1,2908,0,0,1,1,23.3
2.5,2750,1,0,0,1,3.8
17.1,43,1,0,1,0,3.8
1.1,2162,0.5,0,0,1,3.3
10,84537,0,5.76,1,0,38.06
15.6,3447,0,0,0,0,45.8
7.7,1830,0.5,0,1,1,23.3
6.2,11,0.5,0,1,1,22.8
10.2,1885,0.5,5.76,0,1,39.56
11.4,2049,0.5,0,0,1,35.3
22.3,2007,0.5,0,0,1,60.8
0.1,2428,1,0,0,1,4.3
3.6,2029,0,0,0,0,21.8
7.9,1410,0,0,1,0,24.3
14.9,1542,0,5.76,0,0,53.56
0.1,1687,0,0,1,0,2.8
0.5,1602,0.5,0,0,1,3.3
7.8,4118,0,0,0,0,25.3
10.2,1676,0.5,0,0,1,35.3
2.3,1788,1,0,0,1,3.8
9.3,2450,0.5,0,0,1,3.3
10.9,2642,1,0,0,1,34.3
1.6,1707,0,0,0,0,3.3
1.5,2164,0.5,0,0,1,3.3
11.6,2830,0,10.5,0,0,80.8
1.4,2446,0.5,0,1,1,3.3
7,1547,0.5,0,1,1,23.3
10.7,2369,0.5,0,0,1,36.8
9.2,2825,1,0,0,1,29.8
0.8,1537,1,0,0,0,28.3
8.8,3006,1,5.76,0,1,38.56
1.1,1290,0,10.5,1,0,13.3
8.7,1278,0.5,5.76,1,1,36.06
3.4,1527,0,0,1,0,26.8
6.1,1544,0,0,0,0,22.3
6.5,1017,0.5,0,0,1,22.3
0.8,2099,0.5,0,0,1,3.3
0.1,2657,0,0,1,0,2.8
0.5,4680,0.5,0,0,1,3.3
1.7,1545,1,0,0,0,4.3
25.9,2720,1,0,0,1,69.3
10.5,1300,0.5,0,0,1,32.3
7.4,1803,0,0,0,0,33.8
12.9,1425,0.5,0,0,1,51.8
8.8,1694,1,5.76,0,0,43.06
5.5,2464,1,0,0,1,23.8
8.1,1861,0.5,0,0,1,33.8
5.2,2503,0,0,0,0,25.3
0.1,1579,0,0,1,0,3.3
11.4,2699,0,5.76,1,0,47.06
11.6,1187,0,5.76,0,1,45.56
6.8,4099,0.5,0,0,1,3.3
27.1,1906,0.5,0,1,1,72.8
9.4,1872,0.5,0,0,1,28.8
0.3,1824,0,0,0,0,3.3
1.1,2005,0,0,0,0,2.8
7.7,2341,0.5,0,0,1,26.8
2,2322,0.5,0,1,1,3.3
13.7,2276,0,0,0,0,39.3
1.2,1823,1,0,1,1,3.8
5.5,2342,1,0,0,1,23.3
10.1,2932,0.5,0,1,1,33.3
0.1,1471,0,0,1,0,3.3
1.7,4688,0.5,0,0,1,3.3
16,2138,0.5,0,0,1,46.8
1.5,3396,0,0,0,0,2.8
0.1,1982,1,0,0,1,4.3
0.6,1035,1,0,0,0,22.8
0.1,2979,0.5,0,0,1,3.8
2.9,1821,1,0,0,0,3.8
1.9,1559,1,0,0,1,3.8
7.8,1538,0.5,0,1,1,34.3
11.1,1849,0.5,0,1,1,34.8
6.5,1772,0,0,1,0,2.8
0.1,2744,0,0,0,1,60.3
8.5,2104,0.5,0,0,1,26.3
9,1156,0.5,0,0,1,28.3
8.4,1516,0,0,0,0,2.8
5,1442,1,0,0,1,22.8
10.3,1336,0.5,0,0,1,34.3
11.6,1919,0,0,0,0,37.8
2.9,1737,0.5,0,0,1,3.3
1.9,27,0,0,0,1,2.8
1.6,5427,0,0,1,0,2.8
5.9,843,0,0,0,0,2.8
5.5,1402,0,0,0,0,21.8
7.3,2443,0,0,0,0,23.8
8.7,1369,0,5.76,1,1,40.06
4.7,64,0,0,1,0,22.8
8,1637,0,0,0,1,25.3
11.2,1461,0,5.76,0,0,41.06
6.4,1703,1,0,1,0,25.3
1.1,1912,1,0,1,1,3.8
1.7,2160,0.5,0,0,1,3.3
12.6,63,0,0,0,0,38.8
1.9,2016,0,0,0,0,2.8
7.5,2347,0,0,1,1,28.8
16.4,2116,0.5,0,1,1,3.3
6.2,1941,0.5,0,0,1,23.3
14.5,1410,0.5,11.52,1,1,52.32
18.6,1544,0,0,1,0,50.3
9.3,2355,0,5.76,0,1,33.56
7.5,1885,0,0,1,0,35.3
21.3,3573,0.5,0,0,1,58.8
0.1,2293,0,0,0,0,2.8
10.7,88,0,5.76,0,0,41.06
0.1,3123,0,0,0,0,3.3
9.2,3864,0.5,0,1,1,29.3
2.1,95,0.5,0,1,1,3.8
0.3,2039,0,0,0,0,3.3
0.2,2110,0,0,1,0,3.3
9.5,3086,0.5,0,1,1,33.3
9.1,3043,0.5,0,1,1,27.3
10.5,1979,0,0,1,0,32.3
11.8,2480,0,0,0,0,54.8
7.4,1876,0,0,0,1,26.3
1.3,2585,0,0,0,0,2.8
0.1,1888,1,0,0,1,4.3
16,1249,1,12.5,1,0,86.8
5.9,2055,0.5,0,0,1,26.3
0.1,2445,1,0,0,1,4.3
0.2,1953,0,0,0,0,3.3
5,1324,0.5,0,0,1,3.8
8.2,1310,0,5.76,1,0,30.06
7.4,1470,0,0,1,0,24.3
0.1,932,1,0,0,0,4.3
0.2,1795,0.5,0,1,1,3.8
3.3,2239,0,0,0,0,2.8
0.2,84989,0,0,0,1,0.31
0.9,2307,1,0,0,1,3.8
0.1,1191,0.5,0,0,1,3.3
14,1206,0,5.76,0,0,53.06
0.1,1014,0,0,1,0,3.3
7.2,2107,0,0,1,0,23.3
1.5,1625,0.5,0,1,1,3.3
1.2,1300,0,0,0,0,2.8
4.3,1251,0.5,0,0,1,24.8
0.1,67,0,0,0,1,2.8
5.6,1574,0,0,0,1,0.31
3.2,1521,0.5,0,0,1,3.3
0.2,895,0.5,0,0,1,3.8
12.2,1769,0,0,0,0,39.3
8.6,1266,0.5,0,0,1,26.3
2.4,1716,0,0,0,0,2.8
2.3,1269,0.5,0,0,1,3.3
8.7,3844,1,0,0,0,50.8
13.2,2687,0,0,1,0,49.8
21,2241,0,25,1,0,125.3
4.4,1721,0,0,1,0,21.8
2.4,3212,0,0,0,0,2.8
0.1,77,0,0,0,0,3.3
14,1417,0.5,0,0,1,39.3
3.1,3,0,0,0,1,70.3
10,1883,0,0,0,0,34.8
0.2,1874,0,0,0,0,3.3
15.4,1291,0,5.76,0,0,62.06
5.8,3144,0,0,1,0,26.3
2.4,1724,0.5,0,0,1,3.3
18.1,100,1,0,0,0,4.3
10.2,1382,0,0,0,0,32.3
2.4,2189,0.5,0,1,1,3.3
0.5,3172,0,0,0,0,2.8
5.3,3443,0,0,1,0,2.8
6.8,2368,0,5.76,1,0,31.06
0.6,1217,0,0,0,0,2.8
6.6,1580,0.5,0,1,1,22.8
0.1,2002,0,0,0,0,3.3
0.1,1568,0,0,1,0,160.3
0.5,1527,0,0,1,0,2.8
1.5,2353,0,0,0,0,2.8
11.7,1304,0,0,0,0,2.8
4.3,1750,1,0,0,0,22.8
7,2127,0.5,0,0,1,26.3
19.8,2269,0.5,0,1,1,63.3
8.4,1566,0,0,1,0,25.8
4.9,2709,0,0,1,0,32.8
1.4,2011,0,0,0,0,2.8
9.3,2077,0,5.76,1,1,34.56
9.4,1549,0.5,5.76,0,1,36.56
17.3,1390,0.5,5.76,0,1,53.06
10.8,2155,0,5.76,1,0,42.56
1.1,1885,0,0,0,1,2.8
12.4,1437,0.5,0,0,1,35.8
9.8,1094,0.5,0,0,1,34.8
21.6,1701,0.5,0,0,1,60.3
1.5,1735,0,0,0,1,1.1
16.7,2067,1,0,0,0,48.8
10.4,2200,0,0,0,0,30.3
15.3,2863,0.5,0,1,1,44.3
10.8,3869,0,5.76,0,0,41.06
6.8,2378,0.5,0,1,1,22.3
13.5,1817,0.5,0,0,1,40.8
12.5,2749,0.5,5.76,0,1,46.56
5.9,1825,0.5,0,0,1,27.3
0.2,1031,0.5,0,1,1,3.8
6.5,2993,0.5,0,1,1,23.3
10.3,1796,0.5,0,0,1,30.3
15.1,2785,0.5,0,0,1,63.3
14.2,3098,0,0,0,0,47.8
7.6,2594,0,0,1,0,30.8
7.7,1915,0.5,0,0,1,31.3
20.2,1824,0,14.5,0,0,91.3
1.2,1160,1,0,0,1,3.8
0.1,1798,0,0,0,0,2.8
5.7,1861,0.5,0,1,1,22.8
0.1,81,0,0,0,0,3.3
7.3,10,0.5,0,1,1,23.8
1,2525,0,0,0,0,3.3
8,2038,0.5,0,0,1,27.8
11.3,1799,1,5.76,0,1,39.56
0.2,94,0.5,0,0,1,3.8
11.8,1951,0.5,0,0,1,3.3
5,22,0.5,0,0,1,22.3
2.9,1283,1,0,1,0,3.8
2.1,2208,1,0,0,1,3.8
2.9,1179,0.5,0,1,1,3.3
7.7,1574,0,0,0,1,29.8
16.8,5448,1,0,0,0,3.8
9.9,1688,0,11.52,0,0,44.82
12,1905,0.5,0,0,1,36.8
12,2344,0.5,0,0,1,36.8
8.3,1524,0.5,0,0,1,27.8
1.2,21,0,0,0,0,3.3
7.3,82,0.5,0,0,1,25.3
15.2,1378,1,0,0,0,46.3
8,2509,1,0,0,1,29.8
16.2,1764,0,0,0,0,48.8
8.5,1680,0,0,1,1,0.31
0.1,4017,0,0,0,0,3.3
0.1,1485,0,0,0,0,3.3
3.5,2516,0,0,0,0,29.8
16.2,828,0.5,0,0,1,46.3
5.9,1973,1,0,0,1,22.8
1.1,71,0,0,0,0,2.8
12.8,1349,1,5.76,0,0,52.06
17.7,1110,0,0,0,0,2.8
8.3,2404,0.5,0,0,1,24.8
7.9,1930,0,0,0,0,0.31
7.7,2090,0.5,0,1,1,26.8
15.3,2195,1,0,0,0,46.3
6,2461,0,10.5,0,1,55.8
0.1,1786,0.5,0,0,1,3.8
12.5,2219,1,5.76,1,0,48.56
9.1,1592,0,0,1,0,28.3
8.1,3062,0.5,0,0,1,27.8
0.1,3344,0.5,0,0,1,3.8
16.1,1742,0,5.76,1,0,52.06
1.4,2809,0.5,0,0,1,3.3
0.1,2567,0.5,0,0,1,3.8
8.4,2672,0,0,0,0,2.8
0.4,2368,0.5,0,1,1,3.3
24.4,1233,0,5.76,1,0,73.56
7.8,1228,0.5,5.76,0,1,32.06
16.5,2186,0.5,0,0,1,45.8
11.1,1493,0,0,0,0,42.8
0.8,1435,0.5,0,0,1,3.3
30.5,2887,0,12.5,1,1,96.8
7.6,2172,0.5,0,0,1,23.3
11,1926,0,5.76,0,0,53.06
1.7,3227,0.5,0,1,1,3.3
0.6,2059,0,0,1,0,2.8
9.4,2131,0,25,1,0,25.31
12.2,1945,0,0,0,0,38.8
7,2663,0,0,0,0,22.3
14.9,1451,1,0,0,0,56.3
7.3,978,0,0,0,0,25.3
19.7,1350,0,5.76,0,0,59.06
1,1814,1,0,0,0,3.8
8.2,5095,0.5,0,0,1,27.3
5.8,1493,1,0,0,0,28.3
0.1,2151,0,0,0,0,2.8
8.6,1927,0.5,0,1,1,26.3
0.1,1093,0,0,0,0,2.8
11.9,1033,0.5,5.76,0,1,41.06
0.2,2126,0,0,1,0,3.3
5.7,1749,0.5,0,0,1,26.3
7.3,16,1,0,0,0,24.3
0.2,1351,0,0,1,0,3.3
2,2087,0,0,0,0,2.8
8.7,2075,0.5,0,0,1,31.3
0.1,1786,0,0,0,0,2.8
8.1,1829,0.5,5.76,1,1,33.56
8.8,1302,0,0,0,0,32.3
0.2,3103,0,0,0,0,3.3
9.4,1474,0,0,0,0,28.3
4.8,2862,0.5,0,0,1,22.3
2.4,3709,0,0,0,0,3.3
5.5,2216,0,0,0,0,25.8
1,1462,0.5,0,0,1,24.3
2.9,1486,0,0,0,0,22.3
1.4,1370,0,0,0,1,2.8
6.9,2561,0.5,0,0,1,25.8
6.5,3229,0.5,0,0,1,24.3
9.9,1988,0,0,1,0,32.3
11.9,1522,0,5.76,1,0,44.56
5.7,1494,0,0,1,0,24.3
0.1,2436,0,0,1,0,2.8
0.1,2539,0,0,0,0,3.3
0.2,2380,1,0,0,0,4.3
9.4,4241,1,0,0,1,29.3
1.9,1688,1,0,0,1,3.8
4.7,1901,0,0,0,0,27.8
0.2,1616,0,0,0,0,0.31
0.1,2650,0,0,0,0,3.3
9.3,1222,0.5,0,0,1,3.3
10.4,1851,0.5,0,0,1,32.8
0.7,1481,1,0,0,1,3.8
1.2,2051,0.5,0,0,1,3.3
11.8,4700,0.5,0,0,1,36.8
9.2,731,0,5.76,0,0,37.56
7,3841,0.5,0,1,1,26.3
5.8,1157,1,0,0,1,23.3
1.1,26,1,0,0,0,3.8
14.9,1378,0.5,0,0,1,43.8
10.4,1975,0.5,0,0,1,40.3
9.6,2088,0,0,1,0,30.3
1.8,1541,0.5,0,0,1,3.3
12.7,1373,0.5,0,0,1,36.8
2.2,969,0,0,0,0,3.3
20,1972,0.5,0,0,1,57.8
4.3,2510,1,0,0,1,24.8
1.4,3585,0,0,0,0,2.8
1.1,1781,0.5,0,0,1,3.3
10.9,2121,0,0,0,1,34.3
2,1338,0.5,0,1,1,3.3
0.2,1639,0,0,1,1,3.3
1.2,2245,0,0,0,0,2.8
0.1,1143,0.5,0,0,1,3.8
1.4,2599,0,0,0,0,25.8
0.1,1841,0,0,0,0,2.8
10.2,1495,1,5.76,0,1,40.56
4.1,2263,0,0,1,0,2.8
6.2,2673,0,0,1,0,24.8
0.1,1743,1,0,0,0,4.3
4.4,2480,0.5,0,0,1,23.3
9.4,3540,0,0,1,0,29.8
8.2,5234,0,0,0,1,40.3
0.2,3112,0,0,0,1,3.3
9.5,2361,0,0,1,0,2.8
17.1,1662,0,0,0,0,61.3
12.5,1788,1,0,0,0,46.3
7.6,1147,1,0,0,0,29.3
7,2171,0.5,0,0,1,23.3
0.7,2020,0,0,0,1,100.3
0.2,953,0,0,0,0,3.3
2.3,1412,1,0,1,0,3.8
3.8,1622,0,0,0,1,24.3
3.3,1172,0.5,0,0,1,23.3
10.7,1558,0.5,5.76,0,1,40.56
6.9,1221,0.5,0,0,1,22.3
0.2,1625,0.5,0,1,1,3.8
10.5,2290,0,5.76,0,0,48.06
1.3,1755,0.5,0,1,1,3.3
0.1,1875,0.5,0,0,1,3.8
12.2,2795,0,5.76,0,0,42.56
2.4,2638,0.5,0,1,1,509.8
7.1,1839,0.5,0,1,1,23.3
9.9,1848,1,0,1,0,42.3
6.3,1197,1,0,1,1,31.3
40.5,1409,0,92.95,0,1,213.25
8.7,3352,0,0,1,0,0.31
12,3320,0.5,11.52,0,1,45.82
5.4,1843,0,0,0,0,24.8
22.5,992,1,0,0,1,3.8
5.4,1750,0,0,0,0,23.8
13.4,1904,1,0,1,1,38.3
3.3,2040,0,0,0,1,2.8
7.7,2466,0,0,0,0,31.3
0.2,1395,0,0,0,0,3.3
11,1262,0.5,0,0,1,37.3
13,2059,0.5,0,1,1,41.8
0.1,2236,0,0,0,0,3.3
19.8,3888,0,17,1,0,90.8
0.2,2479,0.5,0,1,1,3.8
1.8,1854,0.5,0,0,1,3.3
18.2,1162,0.5,0,0,1,49.8
20.1,3194,0,5.76,0,0,63.06
10.4,2769,1,5.76,0,0,42.56
6.1,2373,0,0,0,0,22.8
0.1,1014,0,0,0,0,2.8
6,59,0.5,0,0,1,23.8
0.9,2747,0,0,0,0,3.3
13.1,2535,0,0,0,0,40.8
0.1,2165,0,0,0,0,2.8
6.9,1516,0.5,0,0,1,22.3
13.5,2050,0.5,5.76,0,1,51.56
6.8,2045,0.5,0,0,1,22.3
20.9,1149,1,185,0,1,262.3
7.5,66,1,0,0,1,27.3
0.6,1809,0.5,0,0,1,3.3
3.1,3855,1,0,0,1,3.8
7.3,2856,0,0,0,0,24.3
4.9,1315,1,0,0,0,26.3
3,2012,1,0,0,1,3.8
2.8,1644,0,0,1,0,29.8
0.9,3235,0,0,0,1,2.8
0.2,1848,0.5,0,0,1,3.8
11,3517,0.5,0,0,1,31.8
13.8,2315,0,14.16,0,1,14.47
11.1,2805,0.5,0,0,1,36.3
1,2085,1,0,0,1,3.8
0.2,2084,0,0,0,0,3.3
13.5,958,0.5,0,1,1,3.3
10.9,1240,1,5.76,0,1,44.06
0.9,1882,0.5,0,1,1,3.3
4.4,1516,0,0,1,0,24.3
0.3,791,0,0,1,1,3.3
5.3,4076,1,0,0,0,24.3
2.5,2043,0,0,1,1,2.8
10.2,1819,0,5.76,0,0,37.56
9.9,3460,0,5.76,0,0,36.56
7.8,3209,0.5,0,1,1,25.3
6.5,1213,0.5,0,0,1,29.3
12.6,1739,0.5,0,1,1,35.3
1.5,1593,0,0,1,0,2.8
20.9,1823,0,61.5,0,0,145.8
7.9,2453,0,0,1,1,27.3
16.4,2792,0.5,0,1,1,3.3
15.1,3280,0.5,0,1,1,46.3
10.5,4088,0,0,0,0,42.3
0.1,3361,0.5,0,1,1,3.3
10.6,1724,0.5,0,0,1,31.3
0.1,2213,0.5,0,0,1,3.8
16,2052,0.5,0,0,1,45.3
13.2,925,1,0,0,1,40.3
6.4,912,0.5,0,0,1,25.3
10.1,2006,0.5,0,0,1,31.8
0.1,2051,0.5,0,0,1,3.8
7.9,2206,1,0,0,1,26.3
15.9,1686,0,0,1,0,46.8
8.7,1219,0.5,0,0,1,27.3
19.8,1727,0,5.76,0,0,8.56
12.1,1494,1,0,0,1,3.8
4.8,2158,0,0,0,0,22.8
6.9,2976,0.5,0,0,1,28.8
9.9,2098,0,0,0,0,31.8
0.1,979,1,0,1,0,3.8
0.1,1806,0,0,1,0,3.3
10.9,1436,0.5,5.76,1,1,36.56
23,2895,0.5,11.52,0,1,72.82
10.8,1162,0.5,0,0,1,31.8
10.2,3271,0,0,0,0,34.3
9.1,1877,0.5,0,0,1,28.8
17.2,1777,0.5,5.76,0,1,54.06
0.6,2831,1,0,0,1,3.8
16.2,1513,1,0,0,1,52.3
7.2,1124,0.5,0,0,1,25.3
20.5,1009,0.5,0,0,1,57.8
3.5,1829,0,0,1,0,25.3
0.2,1353,1,0,1,0,4.3
9.1,82,1,0,0,0,33.3
7.5,1533,0,0,0,0,27.8
4.2,1974,0,0,0,0,22.8
2.9,3343,0,0,0,0,2.8
10.6,1636,0,5.76,0,0,39.06
11.1,1672,0,0,0,0,41.3
0.4,2009,0,0,0,0,2.8
7.2,1154,0.5,0,0,1,26.8
7.2,1923,0.5,0,0,1,22.3
14,1163,0,0,0,0,2.8
8.7,2850,0,5.76,0,0,37.56
1.2,1018,1,0,0,1,3.8
0.3,862,0,0,0,1,3.3
6.4,1747,0.5,0,0,1,26.8
14.8,1706,0,0,0,0,41.8
7.1,2560,0,0,0,0,27.3
0.1,1980,1,0,1,0,4.3
10.6,2896,0.5,0,0,1,34.3
27.6,2337,0.5,2.16,0,1,78.96
10.4,1475,0.5,0,1,1,3.3
11.2,1513,0,0,1,1,3.3
0.1,2962,1,0,0,0,3.8
0.1,2128,0.5,0,0,1,3.3
1.3,1834,1,0,0,0,4.3
12.5,1612,0,0,0,0,46.8
7.4,1621,0.5,0,0,1,29.3
11.2,1852,0,0,1,0,34.3
15.7,855,1,5.76,0,0,63.06
7.5,1706,0,0,1,0,24.3
8.3,1551,0.5,0,0,1,26.8
0.1,2241,0.5,0,0,1,3.8
2.3,1752,0,0,0,0,2.8
0.1,1158,0,0,1,1,2.8
11.1,2015,0,0,0,0,34.3
7.2,1916,0.5,95.76,1,1,121.06
0.9,1849,0,0,0,0,2.8
9.9,1668,0,0,0,0,40.3
4.8,3,1,0,0,1,25.3
18.4,2853,0.5,0,0,1,3.3
8.2,92,0.5,0,1,1,26.3
0.1,3040,0.5,0,0,1,3.8
8,1584,0,0,1,0,31.8
0.1,1807,0,0,1,0,2.8
1.5,2216,0,0,0,1,2.8
12.7,3183,0,0,1,0,41.3
9.6,2037,0,0,0,0,31.3
7.6,3873,0.5,0,1,1,23.3
19.7,2906,0,0,0,0,2.8
16.1,2106,0,0,0,0,1.55
8.7,1612,0.5,0,1,1,25.8
0.1,1814,0.5,0,0,1,3.3
9.8,1815,0,0,1,0,30.3
1.5,2897,0.5,0,1,1,3.3
7.8,1435,0.5,0,0,1,24.3
6.9,1716,0,0,0,0,22.3
4.3,1097,1,0,0,1,27.3
6.7,1063,0.5,0,0,1,24.3
13.1,4663,0.5,0,0,1,41.8
4.3,2452,0.5,0,0,1,32.3
0.1,1151,1,0,0,1,4.3
19.9,2472,0.5,5.76,1,1,68.56
0.1,2019,1,0,0,1,4.3
1.2,1773,0.5,0,0,1,3.3
4.3,1897,0.5,0,1,1,3.3
0.1,2066,0.5,0,1,1,3.3
0.2,2109,0,0,1,0,3.3
8,1158,0,0,1,1,0.31
9.3,2681,0.5,0,0,1,26.8
9.6,1732,0.5,0,0,1,29.3
1.5,1540,0,0,0,0,2.8
5.1,1926,0.5,0,1,1,3.3
7.6,1268,0.5,0,0,1,22.8
0.1,3321,0,0,0,0,3.3
1.6,2644,1,0,1,0,3.8
14.8,3953,0.5,0,1,1,46.3
0.1,2198,0.5,0,0,1,3.8
10.2,2434,0,5.76,0,0,41.06
16.3,2243,0.5,0,0,1,68.8
1.1,1151,0.5,0,0,1,3.3
8.1,888,0.5,0,0,1,28.3
21.5,1995,0.5,0,0,1,59.3
8.8,1123,0.5,0,0,1,27.8
0.1,1346,0,0,1,0,2.8
5.1,1878,0.5,0,0,1,22.3
5.6,1112,0.5,0,0,1,22.3
7.5,1957,0,0,0,0,2.8
19.5,2078,0.5,0,0,1,55.8
31.4,1611,1,7.51,0,0,137.31
4.6,2237,1,0,0,1,23.8
11.9,1931,0.5,5.76,0,1,40.56
4,1356,1,0,0,0,3.8
10.5,2266,0,5.76,0,0,41.06
30.7,3432,0.5,85.26,1,1,167.06
1.7,1508,0,0,0,0,2.8
0.4,993,0.5,0,1,1,3.3
15.8,1770,0,10.5,0,0,80.8
8.6,1229,0.5,0,0,1,26.3
11.8,1129,0,0,0,0,35.8
7.8,1338,1,0,0,1,29.3
0.1,1407,0,0,1,0,3.3
6.9,1948,0,0,0,1,23.3
12.5,2176,0,5.76,1,0,41.06
0.1,1295,0,0,0,0,3.3
8.6,2311,1,0,0,1,30.8
5.7,1975,0.5,0,0,1,22.8
0.3,1401,0.5,0,1,1,3.8
13.2,1748,0,0,1,0,36.8
3,2140,1,0,0,0,23.8
6.5,1413,0,0,1,0,27.3
1.6,1920,0.5,0,1,1,3.3
12.2,783,0.5,0,0,1,35.3
12.9,3093,0.5,0,0,1,38.3
10.8,2143,0,0,0,1,38.3
8.5,2170,0,5.76,1,0,31.56
92.9,1880,0,0,0,0,239.3
5.3,1531,0.5,0,0,1,25.8
2.1,1560,1,0,1,1,3.8
9.1,1707,0.5,0,0,1,26.8
0.9,1471,0,0,0,0,2.8
4.9,2259,0,0,0,0,23.8
0.2,2350,0.5,0,0,1,3.8
4.8,3368,0,0,0,0,26.8
7.4,65,0.5,0,0,1,23.8
0.1,2013,0,0,1,0,2.8
7.7,1343,0.5,5.76,0,1,34.06
11.5,1994,0.5,0,0,1,37.3
11.4,2408,0.5,0,1,1,34.3
0.9,1687,0,0,0,1,0.31
1.2,1960,0,0,1,0,2.8
11.2,2138,1,5.76,0,0,48.06
10.2,1376,0,0,0,0,38.3
0.2,1619,0.5,0,0,1,3.8
7.1,3018,0,5.76,1,1,27.56
1.9,2731,1,0,0,1,3.8
5.6,4561,0.5,0,0,1,22.3
8.8,933,0.5,5.76,0,1,9.06
12,68,0.5,5.76,0,1,45.56
11.5,1933,0.5,0,0,1,35.8
9.3,2445,0,0,0,0,31.8
0.1,1447,0.5,0,0,1,3.8
0.4,1010,1,0,0,0,3.8
0.2,1212,0,0,1,0,22.8
8.9,2356,0.5,5.76,0,1,35.06
11.5,1408,0.5,0,0,1,3.3
28.5,71,0.5,0,1,1,77.3
1.7,1394,0,0,0,0,2.8
0.1,1900,0,0,0,0,3.3
3.5,2096,1,0,0,0,22.8
8.9,2281,0.5,0,1,1,32.8
15.4,38,0,0,0,0,47.8
5.9,3559,1,0,0,1,24.3
5.5,103,0.5,0,0,1,24.8
8,1624,1,0,0,1,36.3
10.9,70,0.5,0,0,1,32.8
9.3,916,0.5,0,0,1,32.8
13.6,1437,0.5,5.76,0,1,44.56
14.3,1846,0,0,0,0,47.3
0.1,2540,1,0,0,0,4.3
8.1,2081,0.5,0,0,1,31.3
1.2,1106,0,0,0,1,85.3
7.7,1882,1,0,0,1,34.8
0.1,1097,0.5,0,0,0,3.8
0.2,2182,0,0,0,0,3.3
11.4,908,0.5,0,0,1,3.3
9.3,1261,0,0,1,0,38.8
1.4,1653,0.5,0,1,1,3.3
7.9,830,0,0,1,0,25.3
7.2,11,0.5,0,1,1,25.8
12.8,1110,0,5.76,0,0,81.06
4.7,2524,1,0,0,1,26.3
4.8,1945,0.5,0,0,1,23.3
8.6,2766,0,0,0,0,27.3
0.4,84947,0,0,0,0,2.8
0.1,2264,0.5,0,0,1,3.3
1.7,1205,0.5,0,0,1,3.3
11.8,3030,0.5,0,1,1,39.3
20.1,1814,0.5,5.76,1,1,59.56
2.5,1555,0.5,0,0,1,3.3
6.8,25,0.5,0,0,1,22.8
14.3,57,0.5,5.76,0,1,55.06
0.1,50,0.5,0,0,1,3.8
12.9,1440,1,5.76,0,0,47.56
11.9,49,1,0,0,1,39.8
11.3,942,0,5.76,0,0,40.06
0.1,884,1,0,0,1,4.3
6.3,2742,0,0,0,0,22.8
2.1,1484,0,0,0,0,2.8
6.6,2032,0,0,1,0,25.8
5.4,1417,1,0,1,0,22.8
1.6,1404,0,0,0,1,2.8
7.2,50,0.5,0,0,1,23.8
6.6,1789,1,0,0,1,23.3
9.9,3015,0,0,1,0,41.8
11.3,1608,0.5,0,1,1,34.8
0.2,1015,0,0,1,0,3.3
4.8,1796,1,0,0,0,27.8
0.2,2154,0.5,0,0,1,3.8
6.8,1332,1,0,0,0,29.8
9.2,2461,0,5.76,1,0,39.06
0.1,1699,0.5,0,0,1,3.3
0.1,1569,1,0,0,1,4.3
4.8,1247,0,0,0,0,23.8
1.6,86,0,0,0,0,2.8
9.3,958,0,0,1,0,28.8
2.1,1917,0,0,1,0,0.31
0.2,83942,0,0,1,1,3.3
0.1,998,0,0,1,0,3.3
0.1,2392,0,0,0,0,3.3
8.6,1739,0,0,1,0,34.8
5.7,1902,0,0,0,0,26.3
5.9,1581,0.5,0,0,1,22.8
7.4,1396,0.5,0,0,1,26.3
1.6,1784,0,0,0,1,55.3
4.3,2197,0,0,1,0,23.3
10.6,4247,0,0,1,0,35.3
2.5,1255,1,0,0,0,3.8
1.6,2207,0.5,0,1,1,3.3
6.1,2813,1,0,0,1,26.8
5.8,2240,0.5,0,0,1,22.3
0.7,1093,0,0,0,0,2.8
1.3,1666,0.5,0,1,1,3.3
6.5,2274,0.5,0,1,1,22.8
10.4,1647,0,5.76,0,0,45.06
7,1405,0.5,0,0,1,22.3
10.8,2022,0.5,0,1,1,31.3
1.7,1447,0,0,0,0,2.8
1.4,2449,0,0,0,0,2.8
0.1,2483,0.5,0,0,1,3.3
8.7,1512,0.5,0,1,1,25.8
8.9,97,0.5,5.76,0,1,33.56
0.1,1696,0,0,0,0,3.3
5,1211,0,0,0,0,22.8
14.4,1972,0,0,1,0,43.3
8.1,1995,0,0,0,0,25.3
4.6,1733,0,0,0,0,22.8
0.2,1628,0.5,0,0,1,3.8
9.5,2994,0.5,0,0,1,35.3
7.3,2110,0.5,0,0,1,25.3
9,2007,0,0,0,0,40.8
7.3,2227,0,0,0,0,30.3
0.2,1152,0.5,0,0,1,3.8
17.9,3547,1,2.64,0,1,69.94
1,1929,0,0,0,0,2.8
10.4,3267,0,8,0,0,40.3
9.3,1353,0.5,5.76,1,1,34.06
1,4518,0,0,1,0,2.8
7.2,2205,0.5,5.76,1,1,29.06
1.6,1137,0,0,0,0,26.3
0.1,1246,0.5,0,0,1,3.8
7.6,2792,0.5,0,0,1,30.3
6.5,1703,0.5,0,0,1,22.8
14.1,2213,0,0,0,0,40.3
2.1,1089,1,0,0,1,3.8
4.3,2291,0,0,0,0,21.8
9.8,1252,0.5,0,1,1,32.8
19.7,2439,1,25,1,0,99.3
11.5,1777,0,5.76,0,0,39.06
7.5,2806,0,0,0,0,2.8
0.7,1475,0.5,0,1,1,3.8
0.8,1837,0,0,0,0,3.3
14.6,3150,0.5,0,0,1,43.8
0.2,1428,0.5,0,0,1,3.8
3.5,1883,0,0,0,0,2.8
0.2,3186,0.5,0,0,1,3.8
17.8,1191,0.5,0,0,1,58.3
0.6,2136,0.5,0,0,1,3.8
5.4,2267,1,0,1,0,23.3
9.5,1617,0.5,0,1,1,28.8
11,59,0,5.76,0,0,47.06
20.1,2390,0.5,0,0,1,61.8
7.4,65,0.5,0,0,1,26.8
5.4,2427,1,0,0,1,25.3
8,1706,1,0,0,1,25.8
0.7,165,0,0,0,1,2.8
5.4,1140,0,0,0,0,22.8
1.3,2114,0,0,0,1,25.3
9.2,1761,0,11.52,1,1,38.32
7.1,1338,0.5,0,0,1,22.8
0.1,1533,1,0,0,1,3.8
11.9,1280,0,0,0,0,41.3
6.8,862,0.5,0,0,1,25.3
0.3,4034,0,0,0,0,3.3
7.3,2362,0,5.76,0,1,28.56
5,2611,0,0,0,0,25.8
13.1,2192,0,0,0,0,44.8
0.4,9,0,0,1,0,2.8
14.4,1772,0.5,5.76,0,1,47.06
0.4,2599,0.5,0,0,1,3.3
8.7,1912,0,5.76,0,0,37.06
1.9,3058,0,0,0,0,2.8
5.6,1537,1,0,0,1,25.3
0.1,1589,0,0,0,0,3.3
12.6,2088,0.5,0,1,1,42.8
5,943,0.5,0,1,1,3.3
2.6,3221,1,0,0,1,3.8
15.3,1171,0,0,1,0,41.8
1.7,2042,0,0,1,0,2.8
6.4,2131,0,0,0,0,25.3
0.1,2609,0,0,1,0,2.8
11.5,2753,0,0,0,0,32.8
1.3,1452,0.5,0,0,1,3.3
0.1,1899,0.5,0,1,1,3.8
0.1,1833,0.5,0,0,1,3.3
1.6,1691,0.5,0,0,1,3.3
0.4,1716,0.5,0,0,1,3.3
0.1,2133,0.5,0,0,1,3.8
0.8,2147,0.5,0,0,1,25.3
5.3,2434,0,0,0,0,21.8
10.2,2705,0.5,0,1,1,29.3
17.3,2290,1,0,0,1,49.3
8.1,1294,0,0,1,0,24.8
1.4,1738,0,0,1,0,2.8
0.1,1472,0,0,1,0,2.8
1.7,1297,0.5,0,0,1,3.3
8.6,2485,0,5.76,0,0,35.56
2.6,1689,0,0,0,0,2.8
7.9,2009,0.5,0,0,1,29.3
0.1,1849,0,0,0,0,2.8
15.1,3548,0,0,0,0,42.8
10.1,1733,0,0,0,0,36.3
0.1,2889,0,0,1,0,3.3
10,2147,0.5,0,1,1,30.8
0.1,1599,1,0,0,1,4.3
0.1,1569,0.5,0,1,1,3.3
0.5,1678,1,0,0,1,3.8
8.8,1209,0.5,0,0,1,31.8
15.3,1514,0,5.76,0,0,47.56
0.6,2411,0,0,1,0,2.8
3.6,2565,1,0,0,0,28.8
12.9,1129,0.5,0,0,1,38.8
12.2,1511,1,0,1,1,41.3
9,2217,0,5.76,0,0,36.56
2,1726,0,0,0,0,24.8
1.2,1749,0,0,0,0,2.8
15.9,1406,0,16.26,1,0,101.56
0.1,2297,0,0,0,0,2.8
10.6,3432,0,5.76,0,0,37.06
6.3,979,0.5,0,1,1,24.8
0.1,1383,1,0,0,1,4.3
0.8,3195,1,0,0,0,3.8
7.2,1370,1,0,0,0,36.8
5.5,933,0.5,0,1,1,3.3
6.6,2455,0.5,0,0,1,25.8
0.2,1664,0.5,0,0,1,3.8
9.5,81,0.5,0,1,1,32.3
6.3,2168,0.5,0,0,1,27.8
7.3,1384,0.5,0,0,1,22.8
1.1,2202,0.5,0,0,1,3.3
1,2067,0,0,1,1,2.8
0.1,2642,0.5,0,0,1,3.3
0.1,4617,0,0,0,0,3.3
5.9,2183,0,0,0,0,26.8
0.1,2794,0,0,0,0,2.8
0.1,88,0.5,0,1,1,3.3
2.2,702,0,0,1,0,2.8
2.4,1905,0,0,0,0,2.8
5,2136,0.5,0,0,1,23.3
3.9,2307,1,0,0,0,24.3
0.1,1431,0.5,0,0,1,3.3
15.6,2104,0,0,0,0,2.8
0.5,39,0,0,0,0,2.8
3.4,1305,1,0,0,1,23.8
0.1,4228,0.5,0,0,1,3.3
6.6,2340,0.5,0,0,1,24.3
11.2,3235,0.5,5.76,0,1,38.56
13.3,1369,0.5,0,0,1,40.8
0.1,1860,1,0,0,1,4.3
1.1,1609,0,0,1,0,2.8
14.5,2349,0.5,5.76,0,1,49.56
6.8,2001,0,0,0,0,34.8
0.2,2257,0,0,1,0,3.3
7.9,2136,0.5,0,0,1,24.8
6.7,1151,0.5,0,0,1,22.3
0.1,1954,0.5,0,0,1,3.3
4.1,1419,0.5,0,0,1,23.3
8.7,2486,0,0,0,0,30.8
1.6,2370,0.5,0,1,1,3.3
7.3,2320,0,0,1,0,23.3
7,2307,0,0,1,0,26.3
10.8,2901,0,5.76,0,0,37.56
10.9,2004,0,25,0,0,96.8
0.1,2358,0.5,0,0,1,3.3
10.9,2857,1,0,1,0,41.3
2.1,1967,0.5,0,0,1,3.3
0.1,1362,0,0,0,0,3.3
0.1,1295,0,0,0,0,2.8
0.6,3360,0,0,0,0,2.8
7.1,1378,0,0,0,0,24.8
16.8,2420,0.5,5.76,0,1,53.06
8.4,851,1,0,0,1,31.3
1.4,1234,0,0,0,0,2.8
0.4,1438,0.5,0,0,1,3.8
9.9,1560,0,0,0,0,46.3
7,1419,0.5,0,0,1,27.8
0.1,2194,0.5,0,1,1,3.8
14.6,1930,1,0,0,0,47.3
2.9,941,0,0,0,1,23.3
13.8,1466,0.5,0,1,1,39.3
0.2,2222,0,0,0,0,3.3
0.9,1947,0,0,0,0,2.8
10.2,2065,0,0,0,1,29.8
0.2,2534,0,0,0,1,3.3
7.6,1275,0.5,0,1,1,23.3
4.8,2425,0.5,0,0,1,22.3
10.4,2654,0.5,0,1,1,31.8
11,3131,0,5.76,1,0,40.06
6.9,1090,0,0,1,0,22.3
29.1,1072,0.5,0,0,1,78.8
12.8,3208,0,0,0,1,50.3
0.2,2797,0,0,1,0,3.3
6.6,2316,0.5,0,1,1,23.8
16.7,2583,0.5,0,0,1,46.8
0.3,2989,0.5,0,0,1,3.8
17.9,1929,0.5,0,1,1,3.3
7.1,1715,0.5,0,0,1,23.3
7.3,975,0.5,0,0,1,27.8
0.1,1731,0,0,0,0,3.3
12.9,1366,0,0,0,0,44.8
11.6,2255,0,0,0,0,40.3
0.2,1273,0.5,0,1,1,3.8
0.3,2385,0,0,0,0,3.3
0.1,1944,0,0,0,0,0.31
11.1,1276,0,5.76,1,0,36.56
2.2,1089,0,0,0,0,2.8
6.6,1951,0,0,0,0,23.8
14.7,4522,0,0,0,0,41.3
10,2018,0,0,0,0,2.8
5.4,1035,0.5,0,0,1,25.8
7.9,2838,0,0,0,0,2.8
9.4,1913,0.5,0,0,1,30.3
8.1,4313,1,0,1,1,29.8
1.1,2083,0,0,0,0,2.8
9.6,1644,0,2.64,0,0,30.44
3.8,2996,1,0,0,0,3.8
16.7,1084,0,16,1,0,91.3
11,2472,0,0,0,0,45.3
12.2,1382,0,0,1,0,2.8
0.1,1904,0,0,1,0,2.8
10,2057,0,5.76,0,0,33.56
1.2,1606,0,0,0,0,2.8
6.8,2934,0.5,0,0,1,23.8
5.3,2909,0,0,0,0,22.8
1.7,1038,0,0,0,0,2.8
0.1,1819,0.5,0,0,1,3.3
0.1,2146,0.5,0,0,1,3.3
1.9,1528,1,0,0,0,3.8
14.7,1989,1,0,0,1,42.3
0.3,2078,0.5,0,0,1,3.8
2.3,1116,0,0,1,0,2.8
0.1,2368,0.5,0,0,0,3.8
4.3,3473,0,0,0,0,21.8
21.3,2153,0,0,1,1,2.8
0.5,1509,0,0,0,0,2.8
4.2,1163,0,0,0,0,29.8
6.8,1989,0,0,1,0,27.8
4.7,2312,1,0,1,0,28.3
0.2,2012,0.5,0,0,1,3.8
6.1,2635,0.5,0,0,1,3.3
8.6,2515,0.5,0,0,1,29.3
3.3,1149,0.5,0,0,1,3.3
8.8,2095,0.5,0,1,1,32.3
0.8,3189,1,0,0,0,3.8
6.3,1500,0,0,0,1,25.8
1,1845,1,0,0,1,4.3
1.9,60,1,0,1,1,3.8
10.1,1442,0,0,1,0,30.8
6.2,1688,0,0,0,0,25.3
0.1,1865,0.5,0,1,1,3.3
13.3,2079,0,0,0,1,40.8
2.1,1829,0,0,0,0,33.8
0.1,1594,0.5,0,0,1,3.8
6.5,2022,0,0,0,0,35.3
35.2,1581,0,0,1,1,0.31
7.8,1061,0.5,0,0,1,27.3
15.3,1658,0.5,0,1,1,3.8
13.5,1561,0.5,0,0,1,43.3
12.2,66,0,0,0,0,39.3
3.4,2157,0,0,0,0,2.8
25.2,3054,1,0,0,0,117.8
9.6,1286,0.5,5.76,1,1,37.06
4.1,1440,1,0,0,0,30.8
4.4,3131,0.5,0,1,1,3.3
8.1,3697,0.5,0,1,1,23.8
0.1,1653,0,0,0,0,2.8
17.2,1637,0,15,1,0,86.8
0.2,2172,0,0,0,0,3.3
3.6,1025,0,0,0,0,21.8
13.2,1837,0,711.46,0,0,752.76
0.1,2523,0.5,0,0,1,3.8
7.4,5766,0.5,0,0,1,25.8
10,1372,0,0,0,0,37.3
3,1490,0,0,0,0,0.31
9.6,3632,1,0,0,0,41.3
0.1,994,0,0,1,0,2.8
11.8,5236,0,0,0,0,37.8
5.4,2824,0,5.76,0,0,28.56
23.8,1260,0.5,5.76,0,1,70.06
6.3,2461,0,0,0,0,58.3
0.1,1605,1,0,0,0,3.8
0.3,1401,1,0,0,0,4.3
10,2078,0,5.76,0,0,39.56
1.5,1604,1,0,0,0,3.8
10.3,3293,0,5.76,0,0,39.06
0.9,1548,0,0,0,0,2.8
3.7,1359,0,0,1,0,2.3
5.9,2345,0,0,0,0,24.8
14.6,1609,1,0,0,0,43.3
6.7,4626,0.5,0,0,1,23.8
9.6,2640,1,0,0,1,33.8
6.5,2362,1,0,0,0,22.8
0.2,2284,1,0,0,1,4.3
6.4,2170,0.5,0,0,1,24.8
11,3146,0,0,0,0,33.8
1,2591,0,0,1,0,2.8
0.2,2776,0,0,1,1,0.31
7.3,2073,0,0,0,0,2.8
5.1,3077,0,0,0,0,2.8
0.2,2785,0,0,0,0,2.8
0.1,2494,0,0,0,0,3.3
3.2,1325,0,0,0,0,2.8
5.6,2410,0.5,0,0,1,22.3
14.9,1297,0.5,0,1,1,42.8
8.8,2229,0,5.76,1,0,33.06
6.9,1634,0,0,0,0,30.8
1.1,3417,1,0,0,0,24.3
12.1,992,0.5,0,0,1,34.3
0.1,1935,0,0,0,0,3.3
7.3,2633,0.5,0,0,1,24.3
2.7,1556,0,0,0,0,3.3
0.1,1675,0.5,0,0,1,3.8
20.7,2431,0,0,1,0,56.8
3.1,1656,0.5,0,0,1,3.3
12.6,2448,1,5.76,0,1,43.56
6.8,1215,0,0,0,0,23.3
13.1,1806,0,5.76,0,0,43.56
0.1,1293,0,0,0,0,2.8
2.6,1583,0,0,0,0,2.8
0.1,1732,0.5,0,0,1,3.3
1.4,2250,0.5,0,0,1,3.3
5.1,2684,0,0,0,1,21.8
0.9,1966,1,0,0,0,3.8
11.6,2091,0.5,0,1,1,37.3
4.5,1626,0,0,0,0,37.8
0.8,1956,0,0,0,0,2.8
7.3,1824,1,0,0,0,25.8
0.1,1519,0,0,0,0,3.3
8.4,1217,0,0,0,0,27.8
14.7,2909,0,0,0,0,41.3
11,2230,1,5.76,0,0,44.06
6.9,2058,0,0,1,0,24.3
6.8,1586,0.5,0,0,1,23.8
13,2520,1,5.76,0,1,44.06
10.9,2160,0,0,1,0,37.3
13.8,2137,0.5,5.76,1,1,46.06
11.5,2109,0.5,0,1,1,35.8
0.6,1926,0,0,0,0,2.8
11.9,1429,1,0,0,1,35.8
8.6,1624,0.5,0,0,1,28.8
9.7,4415,0,5.76,0,0,47.06
3.9,1942,0,0,0,0,2.8
17.3,1399,0,12.5,0,0,77.8
0.2,2912,0.5,0,0,1,3.8
11.1,2096,0,5.76,0,0,43.56
1.7,2234,0,0,1,1,0.31
6.3,2078,0.5,0,1,1,26.8
17.1,1440,0.5,0,1,1,54.3
0.1,4877,0,0,0,0,2.8
1.4,983,1,0,0,0,3.8
2.3,1983,0,0,1,0,2.8
17.7,2543,0,0,1,1,0.31
8.7,1352,0.5,0,0,1,30.3
14.6,2190,0,0,0,0,41.8
1.2,2037,0,0,1,1,2.8
9.2,1808,0.5,0,0,1,27.3
3.9,1231,0.5,0,0,1,23.8
10.3,2885,0.5,5.76,0,1,35.06
6.7,1476,0,0,0,0,3.3
8.8,3251,0.5,0,1,1,30.3
0.9,1766,0,0,1,0,300.3
7.4,1465,0,0,1,0,27.3
0.1,1386,0,0,0,1,3.3
0.6,1725,0.5,0,0,1,3.3
0.4,1341,1,0,1,1,3.8
9.8,1234,0,5.76,0,0,39.06
12,1866,1,0,0,1,46.3
23.3,1247,0,5.76,0,0,70.06
11,1894,0.5,2.64,1,1,34.94
11.8,1812,0.5,0,0,1,36.3
0.9,2060,0.5,0,0,1,3.3
2.2,1710,0,0,0,0,2.8
0.9,1555,0.5,0,1,1,3.3
11.2,1581,0.5,0,1,1,41.8
0.1,2012,0,0,1,0,2.8
0.1,2557,0.5,0,0,1,3.3
0.3,84909,0.5,0,0,1,3.3
2.5,1783,0,0,0,0,2.8
2.4,1964,0,0,0,0,2.8
3.2,1725,1,0,0,0,26.8
10.7,866,1,30,0,0,92.3
0.1,2124,0.5,0,0,1,3.8
1.7,3073,0.5,0,0,1,3.3
9.6,2435,0.5,0,0,1,30.3
0.4,4278,0,0,1,0,2.8
14.5,80,1,0,0,1,41.8
19.6,1325,0,0,1,0,2.8
11.7,2928,0.5,0,0,1,33.8
1.3,67,0,0,0,1,3.3
0.1,1525,0.5,0,0,1,3.3
12.9,2908,1,5.76,0,1,44.56
0.1,3461,0,0,0,0,3.3
8.4,1761,0.5,0,1,1,29.8
0.9,2098,0.5,0,0,1,3.3
6.5,1910,0.5,0,0,1,23.3
8.2,2444,0.5,5.76,0,1,37.56
7.4,1584,0.5,0,1,1,25.3
20.4,2573,0.5,0,1,1,3.3
13.7,2312,0,0,1,0,38.3
8.5,1763,0.5,0,1,1,34.8
1.4,2732,0,0,0,0,3.3
5.5,78,0.5,0,0,1,23.8
0.1,2073,0.5,0,0,1,3.8
2,1799,0.5,0,0,1,3.3
9.1,3980,0,0,1,0,30.3
6.8,2036,0,0,0,0,22.3
10.2,1450,0,0,0,0,31.3
7.2,2718,0,2.64,0,0,24.44
7.8,2494,0.5,0,0,1,26.8
2.2,1920,0.5,0,0,1,3.3
17.5,30,0,45,1,0,100.3
7.6,2385,0.5,0,0,1,28.8
0.8,2293,0.5,0,0,1,3.3
12.5,86,0,5.76,0,0,47.06
0.2,2502,0,0,0,0,3.3
12.7,2419,0,0,0,0,39.8
5.8,2432,0.5,0,0,1,24.8
10.7,1882,0.5,0,1,1,32.8
8.9,2311,0.5,5.76,0,1,34.06
4.5,1025,0,0,0,0,2.8
0.1,2229,0,0,0,1,0.31
12.2,2117,0.5,0,0,1,34.3
8.9,2789,0,0,0,1,30.3
9.8,2254,0.5,0,0,1,35.8
4.7,2459,0,0,0,0,22.8
7.2,1599,0,0,0,0,23.8
4.8,2013,0,0,0,0,25.3
9.8,1746,0,0,0,0,29.8
0.1,1718,0,0,0,0,2.8
6.4,785,1,0,0,0,27.3
0.1,2655,0.5,0,1,1,3.8
17.5,1456,0,18,1,0,92.3
11.1,1427,1,5.76,0,0,52.56
3,2018,0,0,1,0,2.8
8.9,4996,1,0,0,1,31.8
8.9,2188,1,0,0,1,31.8
12.7,2293,0.5,0,0,1,36.8
10.9,3408,0.5,0,0,1,37.8
4.5,2339,0,0,0,0,22.8
0.1,1742,0.5,0,0,1,3.8
6.3,2818,0.5,0,0,1,3.3
5.6,1946,0,0,0,0,24.3
2.7,3092,1,0,0,1,3.8
10,2162,0,0,0,0,38.8
10.7,2200,0,0,0,0,35.8
6.7,2535,0,0,0,0,23.8
10.1,1988,0,0,0,0,35.8
11.9,1779,0.5,0,0,1,37.3
16.5,61,0.5,0,0,1,46.8
11.2,1884,0.5,0,0,1,34.8
0.7,2698,1,0,0,1,3.8
6.9,3598,0,0,0,0,26.3
0.3,64,0.5,0,1,1,3.8
25.7,1597,1,11.52,0,1,100.82
11.2,1227,1,0,0,0,33.8
6.8,1740,0.5,0,0,1,23.8
8.6,1086,1,5.76,0,1,33.56
7.7,1140,0,0,0,1,27.3
6.2,2189,0,0,0,0,27.3
4.9,2253,0.5,0,0,1,26.8
0.1,1686,0.5,0,0,1,3.3
13.3,3585,1,5.76,1,0,58.56
23.7,2379,0,30,1,1,140.3
15.2,2603,0.5,0,0,1,42.8
6.4,1532,0.5,0,1,1,23.3
2.5,3741,0.5,0,0,1,3.3
0.1,1656,0.5,0,0,1,3.8
0.1,1598,0.5,0,0,1,3.8
0.4,1549,1,0,0,0,3.8
11.1,977,0,5.76,0,0,42.56
3,1601,0.5,0,0,1,3.3
7.5,1140,0.5,0,0,1,22.3
3.5,1363,0,0,0,0,2.8
1.1,2389,1,0,0,1,4.3
9.4,2049,0.5,0,0,1,31.8
90.5,1426,0.5,22.02,0,1,261.32
11.8,1581,0,0,0,0,36.8
8.5,2385,0.5,0,0,1,27.3
8.7,2754,0,0,0,0,31.3
9.7,111,0,0,0,0,31.8
0.4,2825,0,0,0,0,24.8
17.6,37,0.5,0,1,1,48.3
6.2,1621,0,0,0,0,35.3
0.1,1747,0,0,1,0,3.3
22.7,281,0,0,0,0,63.3
11.8,2608,1,0,0,0,37.3
21.1,1655,0,0,1,0,2.8
1.2,3930,0,0,0,0,25.3
0.1,3054,0,0,0,0,2.8
13.8,1431,1,5.76,0,0,58.56
0.1,1585,0,0,1,1,0.31
1.9,3501,0,0,0,0,2.8
7,2274,0.5,0,0,1,23.8
8.9,1376,0,0,0,0,27.3
10.2,1881,1,0,0,1,31.3
1.4,2827,0.5,0,0,1,3.8
2.2,1811,0,0,0,1,10.1
6,1132,0,0,0,0,26.8
20,2043,1,0,0,1,56.8
5,2256,0,0,0,1,22.8
7.3,2452,1,0,1,0,25.3
1.1,2304,0,0,0,0,2.8
0.8,68,0,0,1,0,2.8
0.2,1306,0,0,0,0,3.3
9.5,1284,0,5.76,0,0,34.56
24.4,1659,0.5,0,0,1,66.8
9.2,2485,0,5.76,1,0,36.56
2.4,2320,0,0,0,0,22.3
15.2,2444,0.5,0,0,1,41.3
0.1,1303,0.5,0,0,1,3.8
14.3,1421,1,0,0,0,43.8
0.1,27,0.5,0,1,1,3.8
18.9,1267,0.5,0,1,1,3.3
7.2,1882,1,0,1,0,23.8
4.1,3333,1,0,0,0,25.3
0.2,2542,0,0,0,0,2.8
9.7,2217,0,0,0,1,2.8
7.7,2074,0.5,0,1,1,24.3
0.6,2076,0,0,0,0,2.8
0.1,1420,0.5,0,0,1,3.3
18.6,1842,0,0,0,1,0.31
7.7,3680,0,0,1,0,25.3
9.9,3938,0,5.76,1,0,37.56
8.4,3173,0,5.76,0,0,41.06
16.1,1930,0.5,5.76,0,1,49.06
0.1,2295,0,0,1,1,2.8
7.8,2169,0.5,0,1,1,24.8
0.1,95,0.5,0,0,1,3.3
1.7,2851,0.5,0,0,1,3.3
7.8,3130,0.5,0,0,1,25.8
5.2,3133,0,0,0,0,21.8
7.3,2408,0,0,1,0,24.8
0.1,2286,1,0,0,0,4.3
6.6,2545,0,0,0,0,88.3
0.6,1868,0,0,0,0,3.3
0.6,2580,0,0,0,0,2.8
0.9,3835,0,0,0,0,2.8
5.8,1818,1,0,0,0,30.8
0.2,1580,0.5,0,0,1,3.8
7.7,1940,0.5,0,0,1,25.8
10.6,1637,1,0,0,1,35.3
11.9,2531,0.5,0,0,1,34.8
6,1913,0.5,0,0,1,23.3
1.2,2749,0,0,0,0,2.8
0.3,1443,0.5,0,1,1,3.8
20.4,2538,0.5,5.76,1,1,63.06
5.1,1913,1,0,0,0,24.3
10.6,1297,0.5,0,0,1,31.3
10.3,3134,0,5.76,0,0,42.06
8,2153,0.5,0,0,1,24.8
9.1,4774,1,0,0,1,38.3
7.6,1675,0.5,0,0,1,25.8
7.7,4166,0.5,0,1,1,26.8
8.9,1884,0,0,0,0,25.8
14.1,3743,0,0,0,1,48.8
0.1,2113,0,0,0,1,3.3
9.9,1894,0,5.76,0,0,36.06
0.1,1694,0.5,0,0,1,3.3
12,1220,0.5,0,0,1,41.3
4.3,1462,0.5,0,1,1,3.3
16.8,2284,0,0,0,0,52.8
1.1,1248,0,0,1,1,2.8
13.1,1741,0.5,0,1,1,39.3
8.5,1554,0.5,0,0,1,25.3
0.7,2264,0.5,0,0,1,3.3
9.9,1525,0,0,1,0,34.3
2.1,1148,0,0,1,0,2.8
8.1,2085,0.5,0,0,1,28.8
6,3566,0,0,0,0,23.8
14.5,1244,0,0,1,0,46.3
0.1,1338,0.5,0,1,1,3.3
1.2,1667,1,0,1,0,3.8
6.1,1828,1,0,1,1,28.3
0.1,2291,1,0,0,0,4.3
0.2,2269,0,0,0,0,3.3
0.2,4473,0.5,0,0,1,3.8
13.9,2716,1,5.76,0,0,58.06
0.3,1959,0,0,0,0,3.3
8.1,740,0.5,0,1,1,25.3
5.1,3170,0.5,0,0,1,3.3
25.7,968,0.5,15,0,1,83.3
7,1762,0.5,0,0,1,22.3
11.5,1529,0,5.76,1,0,40.06
5.7,2019,0,0,1,0,2.8
0.2,1475,0.5,0,0,1,3.8
4.2,2289,0,0,0,0,22.8
8.7,4300,1,0,0,0,41.3
8.1,1069,0.5,0,0,1,32.8
7.1,2632,0.5,0,0,1,23.3
1.2,2511,0,0,0,0,2.8
1.1,1004,0.5,0,0,1,3.3
0.1,1040,0,0,0,0,2.8
7.6,1120,0.5,0,0,1,25.3
9,1303,0.5,0,0,1,29.3
8.3,2038,1,0,0,1,29.8
12.1,1473,0.5,0,0,1,36.3
5.8,2172,1,0,0,0,25.3
6.7,2019,0,0,1,0,24.8
13.3,1534,0,0,0,0,41.3
7.9,2367,1,5.76,0,1,33.56
8.4,3921,0.5,0,0,1,29.3
0.8,65,0,0,0,0,2.8
11.7,881,1,0,0,1,34.8
10,2583,0.5,0,0,1,31.8
0.2,1740,0.5,0,0,1,3.8
0.9,2005,0,0,1,0,2.8
12.7,1851,0,0,0,1,43.3
0.1,2536,0.5,0,0,1,3.3
0.2,1497,0.5,0,1,1,3.8
0.1,1064,0.5,0,1,1,3.8
1.5,4219,0,0,0,0,2.8
11.4,1382,0,5.76,0,0,40.56
0.1,1141,0,0,0,0,3.3
7.3,1757,0.5,0,0,1,27.8
6.6,1439,0.5,0,0,1,24.3
0.4,678,0,0,1,1,50.3
7.2,3025,0,0,0,0,29.8
0.2,1637,0,0,1,0,3.3
9.1,2229,0.5,5.76,0,1,33.06
4.5,1816,0,0,0,0,23.8
10.3,2039,0.5,0,0,1,31.8
0.8,2297,0,0,0,1,2.8
4.4,2838,0.5,0,1,1,3.3
1.6,2312,0,0,0,0,3.3
7.9,2019,0,0,0,0,25.3
17.5,2827,1,0,0,0,58.3
1.9,1590,1,0,0,1,3.8
8.1,1991,0,0,1,0,27.3
8.5,1797,0,0,1,1,31.3
12.7,1037,1,0,1,0,3.8
11.3,1524,0,5.76,0,0,42.56
1,1347,0.5,0,0,1,3.8
0.8,2628,0.5,0,0,1,3.3
2.3,1138,0,0,0,0,2.8
0.1,2964,0.5,0,0,1,3.8
0.2,1738,0,0,1,0,3.3
5.1,713,0,5.76,0,0,30.56
13.4,1407,0,0,0,0,49.3
9.5,1916,0,0,0,1,34.3
3.3,2254,0.5,0,1,1,3.3
19.6,1343,0.5,5.76,0,1,60.56
7.3,4688,0,0,1,0,24.8
6,1757,1,0,0,1,24.8
10.5,1854,0.5,5.76,1,1,37.56
3.2,1959,1,0,0,0,22.8
0.6,3051,0,0,0,0,2.8
3.1,2102,0.5,0,0,1,3.3
1.9,1740,0.5,0,0,1,3.3
0.2,1919,0,0,0,0,3.3
10.8,1533,0.5,0,1,1,33.3
13.1,1680,0.5,0,0,1,3.8
1.4,7424,0,0,0,0,2.8
6.5,3384,0.5,5.76,0,1,29.56
17.4,2548,0,15.5,0,0,81.3
4.1,1591,0.5,0,0,1,26.8
17.7,1496,0,0,0,0,57.8
13.3,1928,0,0,0,1,45.8
6.6,1624,0,0,0,1,21.8
2.2,1051,1,0,0,0,3.8
8.8,2048,0.5,0,0,1,27.3
0.1,1664,0.5,0,0,1,3.3
1.4,1247,0,0,0,0,2.8
1.8,1414,1,0,0,1,3.8
11.1,2723,0.5,0,0,1,33.8
0.1,2022,1,0,0,1,4.3
0.8,2126,1,0,0,0,3.8
0.7,3433,0,0,0,0,2.8
3.2,2045,0,0,1,0,2.8
8,1982,0,0,0,0,28.8
1.4,2163,0.5,0,0,1,3.3
6.5,2679,0.5,0,0,1,25.8
14,2808,0,0,1,1,2.8
11.5,1530,0,0,1,0,33.8
11.8,1765,0,0,0,0,38.3
11.7,1268,0.5,0,1,1,37.3
0.1,1337,1,0,0,1,4.3
0.1,1642,0.5,0,0,1,3.8
2.2,1299,1,0,0,1,3.8
10.4,2083,0,5.76,1,0,41.06
10.3,2347,0.5,5.76,0,1,43.06
12.1,1764,0.5,0,0,1,36.3
0.1,1556,0.5,0,0,1,3.3
10.8,1800,0.5,5.76,0,1,37.06
13.3,1584,0,0,1,0,37.3
21.9,1486,0.5,0,1,1,62.8
10,2520,0.5,0,0,1,34.3
11.1,879,1,0,0,1,3.8
35.7,2145,0.5,10.5,0,1,103.8
19.4,1457,0.5,0,1,1,3.8
6.4,3390,0,0,1,0,24.3
0.7,2745,0.5,0,0,1,3.3
11.2,2563,0,11.52,0,0,47.82
12.7,2490,0,5.76,0,0,46.56
6.2,2197,0,10.5,0,1,75.8
0.1,1341,0.5,0,0,1,3.3
0.9,2484,0,0,0,1,0.31
11.7,1441,0,5.76,0,0,41.06
11.1,1852,0.5,5.76,0,1,38.06
0.9,1823,1,0,0,1,3.8
5.6,1418,1,0,1,0,29.8
2,1300,0.5,0,0,1,3.3
10,1300,1,5.76,0,1,38.56
0.1,1724,0.5,0,1,1,3.3
12.2,1295,0,0,1,0,40.3
10.4,2767,0,0,0,0,30.8
10.4,2044,0.5,0,0,1,32.3
0.1,1380,0.5,0,0,1,3.8
1.4,989,0,0,0,0,3.3
0.8,1894,0.5,0,1,1,3.3
7,3306,1,0,1,0,33.8
0.7,2853,1,0,0,1,3.8
5.4,897,0,0,0,0,30.3
16.4,2280,0.5,0,1,1,46.8
23.8,2117,0.5,5.76,1,1,69.06
7.6,1212,0.5,0,0,1,22.8
7.9,1841,0.5,0,0,1,24.3
7.8,1862,0.5,0,0,1,26.8
3.2,1695,0,0,0,0,2.8
0.1,2138,0.5,0,0,1,3.3
6.2,1769,0.5,0,1,1,23.3
8.1,1960,0,0,0,0,34.8
9.9,1786,0,0,0,1,32.8
11,1208,0,21,0,0,113.3
6.7,27,0,0,0,0,24.3
8.1,1977,0.5,0,0,1,27.8
11.6,1924,0.5,0,1,1,36.3
11.9,1969,0,10.5,1,1,70.8
0.6,1508,0,0,0,0,3.3
8.7,3172,1,0,0,1,32.8
16.5,1445,0,5.76,0,0,59.06
11.6,1538,0,0,1,0,2.8
8,1439,0,0,0,0,23.3
1,1878,0.5,0,0,1,3.3
6,2230,0,0,0,0,22.3
1.6,1305,0,0,0,0,21.8
0.1,1636,1,0,0,0,3.8
8.2,2311,0.5,0,0,1,28.8
6.9,2620,0,0,1,0,26.3
9.7,2250,0.5,0,1,1,29.3
4.1,1188,0.5,0,0,1,22.3
0.1,2660,0.5,0,0,1,3.8
8.5,1579,0.5,0,0,1,39.3
11.8,1550,0.5,0,0,1,36.8
6.8,1514,0,0,0,0,25.3
11.3,1370,0.5,0,0,1,36.3
1.3,2761,0,0,1,0,2.8
6.7,1680,0,0,1,1,27.8
5.9,2188,1,0,0,0,26.8
6.2,84176,0,0,1,0,24.3
15.9,2556,0.5,0,0,1,61.8
7.5,1894,0,0,1,1,28.8
17.6,1890,0,0,1,0,2.8
0.1,1552,0,0,0,0,3.3
9.3,1730,1,0,0,1,31.8
0.7,2273,1,0,0,1,3.8
11.3,5211,0.5,0,0,1,36.3
10.4,2200,1,0,0,1,40.3
7.5,1748,0.5,0,0,1,38.3
29.1,2933,0.5,25.26,0,1,121.56
12.3,1724,0,5.76,0,0,56.06
3.7,1561,0.5,0,0,1,3.3
11.8,2109,0,5.76,1,0,57.06
0.5,1262,0.5,0,0,1,3.3
1,2303,0,0,0,0,2.8
5.4,1108,0.5,0,1,1,3.3
5,2476,0,0,0,1,0.31
5.7,2202,0.5,0,0,1,22.3
18.2,1645,0.5,19,0,1,87.3
9,2773,0,0,0,0,32.3
14.2,2208,1,0,1,0,42.8
5.6,2234,0.5,0,0,1,22.8
18.5,1267,0.5,17.28,1,1,71.58
4.6,1297,1,0,0,1,30.3
9.2,2195,0.5,0,0,1,32.8
11.9,22,0,5.76,1,0,47.06
1.2,1073,0,0,0,0,2.8
4.2,2834,0.5,0,0,1,3.3
0.6,1329,1,0,1,1,3.8
12.3,992,0.5,0,0,1,34.3
15.7,1788,0.5,0,0,1,48.3
2.2,2139,0.5,0,0,1,3.3
6.4,2313,0,0,0,0,23.3
0.1,1496,0,0,0,0,3.3
1.2,35,0,0,1,0,2.8
12.2,1797,0.5,0,0,1,36.8
10.1,1909,0.5,0,0,1,31.8
3.8,1454,0.5,0,0,1,3.3
0.1,1907,0.5,0,1,1,3.8
7.9,2095,0.5,0,1,1,24.8
23.7,1197,0,10.5,0,1,10.81
0.1,1439,0,0,0,0,2.8
2.6,2325,1,0,0,0,3.8
0.9,1477,0,0,1,0,2.8
9.1,2373,1,0,0,0,33.3
11,1942,0.5,0,1,1,3.8
9.7,2055,0.5,0,0,1,30.3
0.7,2052,0.5,0,1,1,3.3
6.8,1893,0.5,0,1,1,25.8
18.4,978,0.5,0,1,1,68.3
0.1,1854,0.5,0,0,1,3.8
0.1,1861,0,0,1,0,2.8
25.8,1100,0,5.76,1,1,74.56
0.2,1798,0.5,0,1,1,3.3
12,1850,0.5,5.76,0,1,40.56
8.2,1709,0.5,0,0,1,25.3
2.9,1047,0.5,0,0,1,3.3
24.5,4415,0,0,0,0,87.3
1.3,1988,0,0,1,0,2.8
21.5,1714,0,0,1,1,58.8
0.1,1517,0.5,0,0,1,3.8
3.9,1909,0,10.5,0,0,10.81
12.3,1525,0.5,0,0,1,34.8
0.1,1945,0,0,0,0,2.8
9.2,1733,0,0,1,0,28.8
13.4,1870,0,0,1,0,39.3
0.1,1913,0,0,1,0,2.8
11.6,47,0,5.76,1,0,41.56
0.2,1714,0.5,0,1,1,3.8
1.7,2166,0.5,0,0,1,3.3
7.6,3324,0,0,1,0,2.8
7.2,2403,0,0,0,0,30.3
0.1,2049,1,0,0,1,3.8
6.8,827,0.5,0,0,1,23.3
7.8,2599,0.5,0,1,1,26.3
7.3,1988,0.5,5.76,1,1,28.06
4.1,1789,0,0,0,0,21.8
0.9,2020,1,0,0,1,3.8
7.7,2307,0.5,0,0,1,28.3
6.7,1771,0.5,0,1,1,27.8
7.5,2128,0,0,0,0,22.3
8.1,1743,0.5,0,1,1,28.8
10.5,1863,0,0,0,1,38.8
12.1,3706,0,5.76,0,0,44.06
19.5,2319,1,0,0,1,58.3
11.9,1299,0,0,0,0,36.3
7.5,38,0,0,0,1,28.8
8.1,1630,0.5,5.76,1,1,30.06
7.4,2554,0,0,1,0,24.3
21.1,1874,0,0,0,0,153.3
0.1,2613,0,0,0,0,3.3
0.1,1595,0,0,0,0,3.3
5.8,1464,0,0,0,0,27.3
1.3,1612,0.5,0,0,1,3.3
5.4,84576,0.5,0,1,1,22.8
0.7,1972,0,0,0,0,2.8
7.4,73,0.5,85.76,0,1,112.56
0.1,1192,0.5,0,0,1,3.3
0.2,1660,0,0,0,0,3.3
0.2,1644,0,0,0,0,0.31
4.4,1591,0,0,0,0,21.8
0.1,2173,0,0,0,0,2.8
0.1,2064,0.5,0,0,1,3.8
7.3,2164,0.5,0,1,1,22.3
2.3,1285,0.5,0,0,1,3.3
19.1,2605,0,0,1,1,2.8
0.7,1586,0.5,0,0,1,3.3
6.7,1700,0,0,0,0,24.8
5.9,1615,0,0,0,0,2.8
11.2,2118,0.5,5.76,1,1,37.06
0.1,1705,0,0,0,0,3.3
11.4,1691,0.5,0,0,1,32.8
13,1601,0.5,0,0,1,39.3
1.1,2158,0,0,0,1,0.31
14.8,5100,0.5,0,1,1,42.8
1.1,1526,0,0,1,0,2.8
15,1775,0.5,0,0,1,52.3
5.6,1542,0.5,0,0,1,32.8
13.7,2084,0.5,0,1,1,45.3
0.2,3064,0,0,1,0,3.3
0.1,2612,0.5,0,0,1,3.3
9.5,1319,0.5,0,0,1,35.3
1.6,3941,0.5,0,0,1,3.3
11.3,2080,0.5,0,0,1,33.8
4.6,1787,0,0,1,1,26.3
10.4,730,0.5,5.76,0,1,9.06
1.5,1299,0,0,0,0,2.8
0.1,2243,0.5,0,1,1,3.3
10.1,1859,1,0,0,1,32.3
0.3,3240,0.5,0,0,1,3.8
1,1403,0.5,0,0,1,3.3
11.7,2535,0.5,0,0,1,34.8
0.1,1153,0,0,1,1,2.8
8.2,1743,0.5,0,1,1,27.8
7.2,1835,0.5,0,1,1,23.8
14.8,2236,0.5,0,1,1,44.3
1.3,59,0,0,0,0,2.8
5,2660,0,0,0,0,29.3
12.7,2632,0.5,0,0,1,38.8
21.1,1367,0,0,1,0,0.31
0.1,912,0,0,0,1,2.8
0.3,1604,0.5,0,1,1,3.8
11.4,1954,0,0,1,0,46.3
2.7,1174,0.5,0,0,1,28.3
0.1,2061,0.5,0,1,1,3.3
0.1,2220,0.5,0,0,1,3.8
0.1,1644,1,0,0,1,3.8
14.1,2212,0.5,0,0,1,40.8
7.4,1712,0,0,1,1,23.8
0.1,2277,0,0,1,0,3.3
0.1,1759,0.5,0,0,1,3.3
0.1,2271,1,0,0,0,4.3
0.1,70,1,0,0,0,4.3
6.3,3318,0,0,0,0,22.3
6.8,1685,0.5,0,0,1,23.8
8.7,1228,0.5,0,0,1,31.3
10.1,1368,0.5,0,0,1,47.3
1,2301,1,0,0,1,3.8
0.1,2349,0,0,0,0,2.8
6.6,3542,0,0,1,0,28.3
10.6,1160,1,0,0,1,34.8
7.9,1181,0.5,0,0,1,23.8
15.5,1428,0,0,1,0,2.8
14.3,1802,0.5,0,0,1,39.8
1.5,2484,0,0,0,0,2.8
4.6,2106,1,0,0,1,3.8
10.7,1960,0,0,0,0,36.8
4.4,1400,0,0,0,0,22.3
15.6,1183,1,0,0,1,45.3
11.2,1929,0.5,0,1,1,34.8
1.4,1384,0.5,0,0,1,3.3
16.3,1790,0,0,0,0,50.3
6,1202,1,5.76,0,1,29.56
3.1,2677,0,0,0,1,26.8
11.3,2528,0,5.76,0,0,48.06
0.7,2278,1,0,0,1,3.8
12.6,1934,1,0,0,0,39.3
0.5,1234,0.5,0,0,1,3.3
3.8,1413,0,0,1,0,2.8
1,1955,0.5,0,0,1,3.3
1.4,886,0.5,0,0,1,3.3
24.1,1521,0.5,0,0,0,67.8
12.1,1334,0,2.87,1,0,42.17
12.5,1095,0.5,0,0,1,36.3
7.4,2187,0.5,0,1,1,22.8
1,3300,1,0,0,0,3.8
0.2,1081,0.5,0,0,1,3.8
15.8,2585,1,0,0,0,50.8
3.7,75,1,0,0,0,22.8
6.1,1609,0.5,0,1,1,23.3
1.7,1754,0,0,0,0,107.8
1.7,1176,1,0,0,0,3.8
0.1,1165,0,0,1,0,2.8
6.5,1310,0,0,0,0,22.8
11,2085,0,0,1,0,3.3
4.9,73,0,0,0,0,25.8
6.7,2860,0.5,0,0,1,22.3
11.1,2445,0.5,0,1,1,38.8
3.3,2290,0,0,0,0,24.8
7.4,2495,1,0,0,0,30.3
0.4,2208,0.5,0,0,1,3.8
8.4,1497,0.5,5.76,0,1,32.56
1.7,1403,1,0,0,1,3.8
11.3,1915,0,0,1,0,31.8
2,1989,0,0,0,1,34.8
25.5,3227,0,5.76,0,0,79.06
13.7,2148,0,0,0,0,50.3
21.9,2089,0.5,0,1,1,65.8
1.7,1458,1,0,0,1,4.3
5.9,1858,0.5,0,0,1,23.3
0.2,1757,0,0,1,0,3.3
9.2,1567,0.5,0,0,1,29.8
25.8,1262,0,5.76,0,0,82.56
1.6,1754,0.5,0,0,1,3.3
3.3,2968,0,0,0,0,2.8
1.4,1342,0,0,0,0,3.3
17.5,18,0,5.76,1,0,52.56
11.2,1093,0.5,0,1,1,38.3
9.1,1283,0.5,6,1,1,35.8
18.5,1524,0,0,1,1,71.88
0.7,59,0,0,1,0,2.8
14.5,1773,0,10.5,0,0,68.3
0.1,2945,0.5,0,0,1,3.3
11.8,1719,0,5.76,1,0,46.06
2.3,1517,0.5,0,0,1,3.3
7,1076,0.5,0,0,1,24.3
1.7,750,0.5,0,0,1,3.3
0.1,1705,0,0,0,0,2.8
5.4,1933,0.5,0,0,1,3.3
0.3,1706,1,0,0,1,4.3
13.4,50,0,5.76,0,0,6.07
7.5,1956,0.5,0,0,1,36.8
3.9,1819,1,0,0,1,23.8
6.7,1931,1,0,0,1,22.8
1.7,3081,0,0,0,0,2.8
5.2,1292,0.5,0,1,1,23.8
4.8,1609,0.5,0,0,1,3.3
3.7,954,0,0,0,0,25.3
0.1,2408,0,0,0,0,2.8
1,2226,0,0,0,0,2.8
9.3,4161,0.5,0,1,1,26.8
13.8,62,0,5.76,1,0,47.06
11.3,1945,0.5,0,0,1,33.8
0.1,2749,0,0,0,0,2.8
0.1,2400,0,0,0,1,0.31
0.1,2555,0.5,0,0,1,3.3
13.8,1095,0,0,0,0,40.3
5.7,1829,0.5,0,1,1,23.8
0.1,2418,0,0,1,0,2.8
4.3,1773,1,0,0,0,23.3
9.8,1759,0.5,0,1,1,30.3
13.9,1816,0.5,0,0,1,47.3
0.2,2424,0.5,0,1,1,3.8
18.2,1763,0,0,0,0,52.8
12.8,1420,1,0,0,1,3.8
10.2,1517,0.5,0,0,1,31.3
7.8,2857,0,5.76,0,0,34.06
6,37,0.5,0,0,1,27.8
4.4,78,0,0,0,0,2.8
17,1405,0.5,0,0,1,47.8
6.5,1512,0,0,0,0,34.8
10.2,1294,0,0,0,0,2.8
6.6,3947,0.5,0,0,1,22.8
17.3,2255,0,0,0,0,2.8
1.1,2159,0.5,0,0,1,3.3
9.6,1849,1,5.76,0,1,36.56
1.2,1307,1,0,0,0,4.3
8.4,1843,0.5,0,0,1,3.3
0.1,1521,1,0,0,0,3.8
0.5,54,1,0,0,1,3.8
13.4,2575,0,0,1,0,41.8
20.2,1590,0,5.76,0,1,65.56
1.4,1267,0,0,1,0,3.3
0.1,3362,0,0,0,0,2.8
3.2,91,0,0,0,0,24.3
8.6,1986,0,0,0,0,35.3
0.1,2667,0.5,0,0,1,3.8
19.6,3794,0,5.76,0,0,61.06
15.9,1487,0,0,0,0,46.8
6.4,3031,0.5,5.76,0,1,28.56
1.2,2476,1,0,0,0,3.8
2,1340,1,0,0,0,3.8
6,1085,0,0,1,0,21.8
0.1,1489,0,0,0,0,21.8
1.6,1627,0.5,0,0,1,3.3
8.3,1468,0.5,0,0,1,28.8
7,1275,0.5,0,1,1,23.3
3,2376,0,0,0,0,21.8
0.5,1663,0,0,0,0,2.8
10.6,1093,0.5,0,0,1,30.8
0.1,1293,0,0,0,0,3.3
17.9,72,0,0,0,0,48.8
12.9,2340,0,0,0,0,39.8
3.1,1003,0,0,0,0,2.3
7.8,1623,0,0,1,0,34.3
0.2,2431,0,0,1,0,3.3
9.1,1431,0.5,0,0,1,30.3
1.6,2131,0.5,0,0,1,3.8
0.1,974,0,0,1,0,2.8
1.6,1109,0.5,0,0,1,3.3
0.1,2032,0.5,0,1,1,3.8
0.1,2275,0,0,1,0,2.8
1.4,3085,0,0,0,0,3.3
0.2,1531,1,0,0,1,4.3
0.2,2735,0,0,0,0,3.3
21.5,1187,0,0,0,0,2.8
7.1,2502,0.5,0,0,1,26.8
0.3,1890,0,0,0,1,0.31
5.2,1687,0.5,0,0,1,3.3
0.1,972,0,0,0,0,3.3
20.6,1215,1,17.5,0,0,117.3
13.4,1886,0,0,0,0,39.3
8.1,2316,0,0,1,0,24.8
14.6,2427,0,0,1,1,42.3
0.8,2486,0,0,1,0,2.8
10,1226,0,0,1,0,29.3
6.4,977,0,0,0,0,25.3
12,1846,0.5,0,0,1,3.3
16.1,1693,0.5,0,0,1,3.3
9.2,2576,0,0,0,0,48.8
0.1,2417,0.5,0,0,1,3.8
0.1,1911,0.5,0,0,1,3.8
0.1,2730,0.5,0,0,1,3.8
6.5,900,0.5,0,0,1,27.3
0.1,1323,0.5,0,1,1,3.3
2.4,2703,0,0,0,0,2.8
1.8,10,0.5,0,0,1,3.3
12.6,1560,0,5.76,0,0,42.56
1.7,67,0,0,0,0,2.8
8,1718,1,0,1,1,27.8
10.5,1304,0.5,0,1,1,31.3
18.5,2088,0,17.6,0,0,103.4
8.5,1812,0,0,1,0,31.3
0.2,1006,0.5,0,1,1,3.8
1,1619,1,0,0,0,3.8
1.5,1922,0,0,0,0,2.8
5.7,1251,0.5,0,0,1,22.3
5.6,2257,0.5,0,0,1,3.3
9.3,1960,0.5,0,0,1,28.3
7.7,1889,0.5,0,0,1,29.3
0.1,2918,0,0,1,0,3.3
12.9,1706,1,0,0,1,3.8
7,2395,0.5,0,0,1,22.3
6.3,2045,0.5,0,0,1,25.3
1.3,1500,0.5,0,1,1,3.3
1.7,2041,0.5,0,1,1,3.3
9.8,2650,0,0,1,0,29.3
1,3213,0,0,1,0,2.8
1.4,3727,0.5,0,1,1,3.8
5.1,3043,0,0,0,0,23.3
7.7,1173,1,0,0,0,30.3
8.3,2013,0,5.76,0,0,33.56
16.3,1516,1,0,0,1,3.8
0.1,2649,0,0,0,0,2.8
8.4,3208,0,0,0,0,27.8
3.9,1699,1,0,1,0,23.3
0.1,1626,0.5,0,0,1,3.8
0.1,1316,0.5,0,0,1,3.3
15.8,1108,0,0,1,0,47.8
2.7,2682,0.5,0,1,1,3.3
15,836,0.5,0,0,1,41.8
2.1,1357,0,0,0,0,22.3
13.7,2197,0,0,0,0,42.3
0.5,2994,0,0,1,0,2.8
4,2648,0,0,0,0,21.8
8.1,1949,0,0,0,1,27.8
0.2,2630,0,0,1,1,3.3
8.7,3100,0,0,1,1,31.8
4.3,1193,0,0,0,0,22.3
15.5,1694,0,0,0,0,2.8
7.3,1157,0,0,0,0,25.8
13.3,3287,0,5.76,1,0,51.06
5.3,2499,1,0,1,0,23.3
0.2,1668,0.5,0,1,1,3.8
2.9,1557,0.5,0,0,1,3.3
9.1,1670,1,0,0,0,28.3
49.1,1663,0,0,1,0,280.3
14.6,1097,0.5,5.76,1,1,46.06
13.9,1800,0,0,0,0,53.8
0.7,1563,0.5,0,0,1,3.3
5.6,1177,1,0,0,0,27.8
3,1448,0,0,0,0,2.8
5.6,2803,0,0,0,0,22.3
7.9,1372,0,0,0,0,24.8
0.4,2781,0,0,0,0,3.3
15,2720,0.5,0,0,1,44.3
7.4,2423,0,0,0,0,24.3
5.7,1469,1,0,0,1,25.8
1.5,1160,0.5,0,0,1,3.3
8.5,1001,0.5,0,0,1,24.8
0.1,90,0.5,0,0,1,3.8
0.4,1908,0.5,0,0,1,3.8
3.5,2424,0,0,0,0,28.3
9.4,1502,0.5,0,0,1,29.3
13.7,1877,1,0,0,0,54.8
7.4,2211,0.5,0,1,1,25.8
2.9,1705,0,0,1,1,0.31
0.4,2930,1,0,0,0,3.8
10,2216,0,0,0,0,31.8
11.3,2031,0.5,0,0,1,34.3
8.1,1066,0,0,0,0,31.3
6.3,4246,0.5,0,0,1,31.3
0.1,2061,1,0,0,1,4.3
11.4,1643,0.5,0,0,1,35.8
0.3,2348,0.5,0,0,1,3.8
11.8,1302,0.5,5.76,0,1,40.56
0.1,1523,0,0,0,0,3.3
0.1,1349,0.5,0,0,1,3.3
0.1,834,1,0,0,1,4.3
18.2,1308,0.5,11.52,0,1,63.32
4,1885,0,0,1,0,25.8
8.1,935,0.5,0,0,1,26.3
1.2,1135,0.5,0,0,1,23.8
3.3,2159,0.5,0,1,1,3.3
1.5,2557,0,0,1,0,2.8
14.4,2114,0.5,0,1,1,3.3
0.1,1014,0.5,0,0,1,3.8
0.1,2429,0.5,0,0,1,3.8
1.9,1825,1,0,0,0,3.8
8.8,2,0,2.64,0,0,29.94
6.4,1654,0.5,0,0,1,22.3
7.5,2329,0.5,0,0,1,26.3
9.7,2285,0.5,0,0,1,30.8
0.2,1913,0,0,0,1,76.3
5.9,2032,0.5,0,0,1,30.3
0.1,1495,0,0,0,0,3.3
1.8,1925,0.5,0,0,1,3.3
1.1,2543,0,0,0,0,90.3
6.4,1719,0,0,0,1,25.3
9.6,1930,1,5.76,0,1,39.06
2.4,2127,0.5,0,0,1,3.3
5.3,2558,0,0,1,0,21.8
0.1,2000,0.5,0,1,0,3.8
0.1,1642,1,0,1,0,3.8
1.1,1635,0.5,0,0,1,3.3
0.6,2621,0,0,0,0,2.8
11.7,1935,0,0,1,0,37.8
7.6,1912,0,5.76,1,0,28.56
9.3,1931,1,0,0,1,31.8
8.9,2386,0.5,0,0,1,26.3
7.2,2642,0,5.76,0,0,37.56
7.6,2527,0.5,0,0,1,37.3
0.1,1962,0,0,0,0,3.3
12.2,1471,0.5,0,0,1,35.3
3,1313,0.5,0,0,1,3.3
1.2,1977,0,0,1,0,3.3
8.7,1705,1,0,0,1,31.3
22.3,1737,0,0,0,0,2.8
0.4,2957,0,0,0,1,100.3
16,1916,0,0,0,0,44.8
8.6,1754,0,5.76,1,1,32.06
0.2,1139,0.5,0,1,1,3.8
19.4,2179,0.5,0,0,1,3.3
0.1,1068,0,0,1,0,2.8
21.8,2010,0,0,1,0,2.8
12.1,2494,0.5,0,1,1,36.8
0.1,2276,0,0,0,0,3.3
0.1,1617,0,0,0,0,3.3
2,1763,0,0,1,0,2.8
6.6,1341,1,0,1,1,28.3
8.5,2119,0.5,0,0,1,30.8
0.4,2521,0.5,0,0,1,3.8
1.4,1404,0,0,0,0,2.8
5.3,4287,0,0,0,0,26.8
7.3,3491,1,0,0,0,24.3
9.8,2042,0,0,0,0,29.3
5.8,1931,0.5,0,0,1,22.3
0.3,1480,0,0,0,0,3.3
11.2,1402,0,0,1,0,34.8
15.5,983,0,0,1,0,52.8
0.2,4256,0,0,0,0,3.3
6.3,1970,1,0,0,0,24.8
0.6,1807,0.5,0,0,1,3.3
0.1,1797,0,0,1,0,2.8
8.4,2118,0,0,0,0,24.3
11.2,1306,0,5.76,0,0,55.56
0.1,1987,0,0,1,0,2.8
6.8,2225,0,5.76,1,0,28.56
1.2,2392,1,0,0,0,3.8
3,1527,0,0,0,1,2.8
0.3,2478,0,0,0,0,3.3
6.8,2000,0,0,0,0,27.8
0.1,1354,0.5,0,0,1,3.3
10,1528,0,0,0,0,33.8
6,1101,0.5,0,0,1,25.8
10.5,1662,0.5,0,0,1,31.8
12.1,1101,0,0,0,1,47.8
0.1,1456,0.5,0,0,1,3.3
0.1,5432,1,0,0,0,3.8
2.3,2156,0,0,0,0,24.3
5.8,2611,0.5,0,0,1,24.8
0.1,1923,1,0,0,0,4.3
5.6,3581,0,0,0,0,28.3
7.1,1654,0.5,0,1,1,26.8
0.1,1293,0,0,1,1,2.8
6.7,1284,0.5,5.76,0,1,35.06
0.2,2211,0.5,0,0,1,3.8
7.2,1788,0.5,0,0,1,22.3
12.3,1370,0.5,0,1,1,35.3
9.7,2240,0.5,0,0,1,30.3
10,3011,0.5,0,0,1,34.8
32,2432,0.5,0,0,1,3.3
7.3,1747,0.5,0,0,1,28.3
4.6,968,0.5,0,0,1,3.3
0.3,1309,0,0,0,0,3.3
1.2,2230,0.5,0,0,1,3.3
0.1,2291,0,0,0,0,2.8
9,2058,0,0,0,0,31.8
5.5,2976,0.5,0,0,1,3.3
13.5,1991,0.5,0,0,1,46.3
7.3,3073,1,0,0,0,29.8
7.4,2372,0,0,0,0,2.8
0.1,2831,0,0,1,0,2.8
11,2102,0,0,0,1,30.8
7.4,1774,0,0,0,0,24.8
2.5,1833,0,0,0,1,21.8
1,2326,1,0,0,0,3.8
6.4,2469,0.5,0,0,1,28.3
10.7,1672,0,14.26,0,0,45.06
0.9,2086,0,0,0,1,50.3
8.6,3728,0,0,0,0,32.8
11.3,4341,0.5,0,0,1,36.3
10.2,3331,0.5,0,0,1,29.8
16.8,1345,0.5,0,0,1,49.8
22.1,79,0,0,0,0,59.3
8.9,1810,0,0,1,1,2.8
1.1,2426,0.11,0,1,1,2.91
0.3,2274,0.5,0,0,1,3.8
5.2,1763,1,0,0,0,32.8
1.1,3384,0.5,0,0,1,3.3
21.3,1362,0.5,5.76,1,1,64.06
0.2,3000,1,0,0,0,4.3
0.2,2795,0.5,0,0,1,3.8
12.6,2593,0,0,0,0,35.8
0.1,3295,0,0,1,0,3.3
0.2,1565,1,0,0,1,4.3
19.7,1384,0.5,0,0,1,54.8
10.2,1550,0,0,0,0,30.8
11,1410,0.5,0,0,1,31.3
0.1,2243,0,0,0,1,0.31
9.3,2381,0.5,0,0,1,30.8
11.7,1590,0.5,0,0,1,36.8
7.2,1985,0.5,0,0,1,22.8
13.6,2424,0,0,1,0,43.3
0.2,1374,0,0,0,0,2.8
0.3,2505,1,0,0,0,3.8
14.8,1402,1,0,0,0,53.8
7.6,2115,0,0,1,1,25.8
10.3,1994,0,5.76,0,0,38.06
0.1,2031,0,0,0,0,3.3
6.6,1848,0.5,0,1,1,23.8
0.1,1810,0.5,0,0,1,3.8
0.1,2272,0,0,0,0,3.3
13.8,2179,1,0,0,0,43.8
11.9,1598,0.5,0,0,1,35.8
1.9,2257,1,0,0,1,3.8
9.8,1360,0,0,0,0,2.8
0.2,1300,0.5,0,0,1,3.8
0.3,2653,0,0,1,0,3.3
8.7,2788,0.5,0,1,1,26.3
11.8,2165,0.5,0,1,1,34.8
13.1,1445,0,0,0,0,0.31
6.9,44,0,0,0,1,23.8
10.9,2178,0,0,1,0,36.3
6.6,4199,0,0,1,0,26.8
0.1,2568,0,0,1,0,3.3
0.2,1673,1,0,1,1,4.3
4,1523,0.5,0,0,1,3.3
0.1,3555,0,0,0,0,3.3
0.1,2531,0,0,0,0,3.3
11.6,1437,0.5,0,1,1,34.8
0.1,2445,0,0,1,0,2.8
0.1,3293,0.5,0,1,1,3.3
9.6,1734,0.5,0,0,1,69.3
0.5,2132,0.5,0,0,1,3.3
11.3,1314,0,5.76,1,0,43.06
10.9,2373,0.5,0,0,1,33.3
7.2,2041,0.5,0,0,1,22.8
17.6,1535,0,15.5,0,0,82.3
17.8,2202,0.5,0,1,1,50.8
0.2,54,0.5,0,0,1,3.8
8.9,1320,0.5,0,1,1,30.3
14.8,2010,0,0,0,0,48.8
0.1,1587,0,0,0,0,2.8
9.1,3431,1,0,0,1,30.8
6.4,1124,0,0,0,0,2.8
16.2,1750,0,0,0,1,0.31
9.7,1232,0,0,0,0,39.3
5.3,1336,1,0,1,0,27.8
17.9,2179,0.5,0,0,1,56.8
4.4,2244,1,0,1,0,22.8
10.6,3278,1,0,1,0,44.8
2.2,803,0.5,0,0,1,3.3
3.5,3010,0,0,0,0,24.8
15.8,2577,0,0,0,0,53.8
4.6,1489,0,0,0,1,21.8
11.5,2071,0,0,1,1,65.3
11.8,1990,0.5,0,0,1,33.8
0.1,2213,0,0,0,0,3.3
0.2,1623,0,0,1,0,0.31
10.4,2345,0.5,0,0,1,35.3
0.1,1550,0.5,0,0,1,3.3
11.6,1396,0,5.76,1,0,41.06
7.1,65,1,0,1,0,31.3
3,1673,0,0,0,0,21.8
0.1,2156,0,0,1,0,2.8
13.1,2299,0.5,0,0,1,38.3
17,1556,1,0,1,0,3.8
14,1212,0,6,0,0,45.3
0.1,1870,0.5,0,0,1,3.8
0.7,2106,0,0,1,0,2.8
0.3,1978,1,0,1,0,3.8
3.8,1902,0,0,0,0,24.3
0.1,2853,0,10.5,0,0,13.8
11.6,1542,0,5.76,0,0,44.06
0.1,1594,0,0,1,0,3.3
0.1,3990,0,0,0,0,2.8
21.8,1011,0.5,0,0,1,58.8
3.7,1641,1,0,0,0,3.8
11.2,3498,0,0,0,0,31.8
0.3,1827,0,0,0,0,3.3
13.6,3605,0.5,0,0,1,47.3
6.9,3188,0.5,0,0,1,24.8
11.9,1502,0,5.76,0,0,43.56
6.6,2589,0,0,1,0,2.8
2.3,2956,0,0,0,0,2.8
6.5,2315,0.5,0,0,1,25.3
9.4,994,0.5,0,0,1,32.3
9.9,1939,0.5,0,0,1,31.8
11.6,1793,0,5.76,1,0,39.56
4.1,2037,0.5,0,0,1,3.3
9.5,43,0.5,0,0,1,27.8
1.5,2528,0.5,0,0,1,25.3
0.1,1340,0,0,0,0,3.3
16,2282,1,0,0,0,50.8
0.1,4293,0.5,0,0,1,3.3
0.3,2442,1,0,0,0,4.3
6.9,1865,0.5,0,0,1,25.3
0.2,1576,0.5,0,1,1,3.8
2.9,57,0.5,0,0,1,3.3
7.7,2347,1,0,0,0,36.8
0.9,113,0.5,0,0,1,3.3
